CustomerId,CreditScore,Geography,Gender,Age,Tenure,Balance,NumOfProducts,HasCrCard,IsActiveMember,EstimatedSalary,Exited
10001,452,Germany,Female,36,7,1551.93,2,0,1,83891.48,0
10002,785,France,Female,63,10,95058.6,1,1,1,74942.25,0
10003,698,Germany,Male,37,7,0.0,1,1,1,72222.92,0
10004,620,France,Male,59,5,125475.1,1,1,0,88247.09,1
10005,456,France,Female,58,3,195883.97,2,1,0,147581.06,1
10006,421,Germany,Male,59,10,92880.58,2,0,1,124741.58,1
10007,538,France,Female,46,10,163499.65,1,0,0,137001.18,1
10008,370,Spain,Male,23,4,101556.84,1,1,0,19001.34,0
10009,452,France,Male,34,1,99168.01,2,0,0,33945.41,0
10010,471,France,Male,42,5,0.0,2,0,0,26443.09,0
10011,816,Spain,Male,55,2,0.0,1,1,1,50536.19,0
10012,564,Spain,Female,21,5,157160.09,2,1,0,74655.49,0
10013,680,Spain,Female,47,4,59251.15,1,1,0,101677.19,1
10014,808,Germany,Female,37,1,0.0,1,1,1,82612.22,0
10015,437,Spain,Female,20,4,0.0,4,1,0,136929.83,1
10016,722,France,Female,40,4,88783.34,3,0,1,141880.55,0
10017,449,France,Female,68,8,96842.61,1,1,0,37075.33,1
10018,709,Germany,Male,35,10,166328.01,1,1,1,130143.24,0
10019,501,Germany,Female,43,7,179205.67,1,0,0,80032.5,1
10020,480,Spain,Male,73,6,0.0,1,0,0,76199.48,1
10021,499,France,Male,53,2,0.0,1,1,0,120966.81,0
10022,658,France,Female,25,9,0.0,1,1,1,27573.97,0
10023,607,Spain,Male,34,3,34855.74,3,0,1,134136.57,0
10024,693,Germany,Male,48,5,124376.39,2,1,1,105566.55,0
10025,841,Spain,Male,54,2,0.0,2,1,0,133160.32,0
10026,763,Germany,Male,62,10,79901.3,2,1,0,149254.47,1
10027,643,Germany,Female,74,8,197192.06,1,1,0,84930.6,1
10028,735,France,Male,50,7,0.0,1,1,0,27590.4,0
10029,541,France,Male,44,5,0.0,1,1,0,37480.72,0
10030,793,France,Male,62,3,0.0,2,1,1,58688.46,0
10031,626,France,Male,21,6,181017.62,1,0,1,28979.65,0
10032,510,Germany,Female,39,10,173868.02,2,0,1,125071.15,0
10033,809,France,Male,43,2,47539.75,2,1,1,55077.16,0
10034,663,Spain,Male,49,9,16237.56,1,1,1,146744.64,0
10035,371,France,Female,41,7,0.0,1,1,0,109849.84,1
10036,602,France,Female,63,0,67273.74,2,1,1,38413.1,0
10037,585,France,Female,52,2,134416.88,3,0,1,79265.76,1
10038,694,France,Female,54,10,6423.95,2,0,0,78029.37,0
10039,398,Spain,Male,49,4,0.0,1,1,0,81489.07,0
10040,824,France,Male,24,4,137274.45,2,1,1,87318.31,0
10041,408,Spain,Male,50,9,42474.13,1,1,1,19208.37,0
10042,519,France,Female,48,1,171517.54,4,1,0,107650.65,1
10043,825,France,Male,72,9,11718.18,2,1,1,80770.89,0
10044,537,France,Male,29,7,43096.4,2,0,0,121780.33,0
10045,813,Spain,Male,28,4,0.0,1,1,1,125072.19,0
10046,620,Spain,Male,41,6,86615.22,2,1,0,46122.24,0
10047,539,France,Male,25,6,140593.13,1,1,0,21537.1,0
10048,795,France,Female,49,4,36532.61,1,0,1,109936.57,0
10049,524,Spain,Male,74,7,0.0,1,1,1,146997.98,1
10050,795,France,Female,55,8,145221.21,3,1,1,75298.83,1
10051,400,France,Female,39,3,62895.33,2,0,0,50047.73,0
10052,713,Germany,Male,51,3,165779.42,1,1,1,36150.71,0
10053,404,Spain,Male,36,7,120683.52,2,1,0,53805.16,0
10054,593,France,Male,69,0,77824.6,1,0,0,59269.14,1
10055,669,Germany,Male,37,3,111528.48,1,1,1,72223.09,0
10056,480,Germany,Female,73,5,115352.17,1,1,0,103479.96,1
10057,834,France,Male,31,3,33107.06,2,1,0,51877.01,0
10058,656,Spain,Male,50,5,0.0,2,1,0,21881.86,0
10059,484,Spain,Male,27,4,68686.12,1,1,0,65392.61,0
10060,370,France,Female,33,8,80180.54,2,0,1,130510.0,0
10061,678,France,Female,21,9,0.0,1,0,1,82277.45,0
10062,516,France,Female,44,8,96507.68,2,0,1,145245.81,0
10063,623,Spain,Female,45,3,188063.23,1,1,1,82988.91,0
10064,737,France,Male,60,3,58735.28,2,1,1,52246.34,0
10065,438,Germany,Female,33,7,0.0,2,0,1,41097.39,0
10066,665,Spain,Male,69,9,157391.36,2,1,0,108760.81,1
10067,363,France,Female,50,3,109204.92,1,1,1,87411.47,0
10068,591,Spain,Female,65,1,0.0,2,0,0,96539.86,0
10069,614,France,Male,36,1,10668.03,1,1,1,116942.12,0
10070,695,Spain,Female,38,0,0.0,2,1,0,112996.97,0
10071,402,Spain,Female,39,4,54146.75,1,1,1,20854.05,0
10072,735,France,Male,26,5,199867.02,1,1,1,123347.21,0
10073,689,France,Female,26,8,0.0,2,1,1,86914.95,0
10074,441,France,Male,26,4,176899.31,2,1,1,67880.65,0
10075,716,France,Female,44,5,0.0,1,1,0,87565.12,0
10076,793,France,Male,34,5,68183.28,3,1,1,97680.95,0
10077,804,France,Female,61,2,108706.88,4,1,0,35183.35,1
10078,777,Germany,Female,74,3,168107.18,2,0,0,71351.08,1
10079,613,France,Female,62,0,176673.66,1,1,0,60304.14,1
10080,780,France,Female,25,3,32078.78,2,1,0,62305.21,0
10081,384,Spain,Male,33,0,67914.63,1,0,1,27330.22,0
10082,555,France,Female,35,4,0.0,1,1,1,36578.87,0
10083,430,Germany,Male,50,10,8408.96,3,0,1,36847.33,1
10084,769,Spain,Female,18,10,119647.55,3,1,0,65385.34,0
10085,399,Germany,Male,29,7,0.0,3,0,0,135756.36,0
10086,709,France,Male,23,7,76314.88,1,0,0,42813.7,0
10087,737,France,Female,58,4,148007.19,1,1,0,71185.99,1
10088,351,France,Male,72,9,0.0,1,1,0,57067.27,1
10089,739,Germany,Male,22,1,0.0,1,0,0,121296.75,0
10090,403,France,Male,33,5,0.0,1,1,1,21767.07,0
10091,455,France,Male,35,0,141864.77,1,0,1,41533.36,0
10092,609,Germany,Male,66,6,0.0,2,1,1,43436.61,0
10093,659,France,Male,35,10,0.0,2,1,0,149049.98,0
10094,826,France,Male,18,3,0.0,2,0,1,92054.63,0
10095,540,France,Male,36,4,0.0,2,1,1,33759.37,0
10096,751,Germany,Female,71,5,13896.0,1,0,0,51746.88,1
10097,567,France,Male,25,10,0.0,1,0,0,37655.98,0
10098,393,Spain,Female,20,0,151295.54,2,1,0,31821.62,0
10099,511,Germany,Female,42,8,0.0,2,1,0,122619.57,0
10100,551,France,Male,22,9,0.0,2,1,0,81926.6,0
10101,795,Spain,Female,72,3,0.0,1,1,0,100213.37,0
10102,833,France,Female,57,7,137993.8,1,1,0,59718.92,0
10103,619,France,Female,36,4,194280.37,2,1,0,89748.84,0
10104,700,Germany,Female,35,10,0.0,2,1,1,49771.82,0
10105,653,Germany,Male,67,7,0.0,3,1,0,56584.9,1
10106,620,Spain,Female,70,0,25220.54,2,1,1,103052.12,0
10107,805,Spain,Female,48,7,78591.76,2,1,0,35297.27,0
10108,811,France,Female,50,10,170287.74,2,1,0,98324.95,0
10109,564,France,Male,64,10,0.0,2,1,1,130051.7,0
10110,601,France,Female,35,3,101274.33,2,1,1,31257.14,0
10111,539,France,Female,74,1,118820.93,3,1,0,136157.27,1
10112,645,France,Male,56,10,141629.47,2,1,1,25725.17,0
10113,562,France,Male,33,5,166551.73,3,1,1,62102.75,0
10114,557,France,Male,33,1,24302.23,1,1,0,97418.76,0
10115,586,France,Female,64,4,0.0,2,1,0,90520.99,0
10116,687,Spain,Female,55,1,0.0,2,1,1,28012.79,0
10117,716,Germany,Female,58,2,90124.69,1,1,0,122853.28,1
10118,402,France,Male,24,10,84779.95,2,1,0,146375.69,0
10119,629,Germany,Female,31,5,101842.32,1,1,0,39465.82,0
10120,759,Germany,Male,60,0,0.0,2,1,1,135842.68,0
10121,566,France,Male,70,5,0.0,2,0,1,90169.27,0
10122,601,Germany,Female,65,2,190635.51,1,0,1,141351.06,1
10123,537,Spain,Female,42,6,36058.03,1,1,1,38771.6,0
10124,729,Spain,Female,49,1,144827.2,2,1,1,121922.89,0
10125,842,France,Female,55,5,0.0,2,1,1,23070.51,0
10126,390,Spain,Male,39,7,135825.77,1,0,1,134231.52,0
10127,506,France,Male,33,0,0.0,2,1,1,106011.52,0
10128,364,Spain,Female,69,10,112962.56,2,1,0,64984.4,1
10129,650,Spain,Female,46,10,0.0,2,1,1,40713.02,0
10130,414,Spain,Male,33,8,164329.32,1,1,1,125231.97,0
10131,694,Spain,Male,29,4,24457.74,3,1,1,96437.58,0
10132,676,Spain,Male,34,4,169717.53,1,1,1,63656.14,0
10133,358,France,Female,54,4,82813.72,2,0,1,74917.84,1
10134,693,France,Male,44,5,50739.37,2,1,1,126583.26,0
10135,478,Germany,Male,42,1,0.0,1,1,1,60755.17,0
10136,841,France,Male,30,5,86404.96,2,1,0,27100.41,0
10137,485,France,Male,25,10,0.0,1,0,0,138023.09,0
10138,821,France,Female,73,3,0.0,2,1,1,67291.4,0
10139,412,France,Male,22,7,785.86,2,1,0,62032.31,0
10140,488,Germany,Female,29,10,99091.84,2,1,0,42593.95,0
10141,848,Spain,Female,58,8,20045.65,2,1,0,136152.05,0
10142,430,Germany,Female,20,8,150875.19,2,0,1,44363.22,0
10143,741,Spain,Male,52,7,55215.03,2,1,0,100950.84,0
10144,512,France,Female,50,2,88729.13,2,1,1,133903.28,0
10145,768,France,Female,74,9,17406.71,1,1,1,19713.34,1
10146,638,Spain,Female,39,10,57331.85,2,1,1,126886.88,0
10147,728,France,Female,67,10,0.0,3,1,0,70430.92,1
10148,610,Germany,Male,73,3,0.0,1,1,1,103826.57,1
10149,839,Germany,Male,61,0,129431.91,1,1,1,65274.62,0
10150,580,France,Male,26,8,183485.17,1,0,0,108894.69,0
10151,390,Germany,Male,58,4,135967.35,1,1,0,49329.81,1
10152,377,Germany,Male,35,5,0.0,1,0,0,17960.62,1
10153,484,Spain,Male,67,2,21794.33,1,0,0,142951.31,0
10154,550,France,Male,46,10,0.0,1,1,0,17209.65,0
10155,677,France,Male,56,9,178907.77,2,1,0,126253.4,0
10156,617,Spain,Male,44,7,143021.12,1,1,1,37833.58,0
10157,767,France,Male,53,6,127910.77,2,0,1,67949.73,0
10158,382,France,Male,62,0,0.0,2,1,1,126036.47,0
10159,397,Germany,Male,34,9,0.0,3,1,1,42800.84,1
10160,756,France,Male,73,4,8911.33,2,0,1,131870.53,1
10161,411,Spain,Male,51,9,156888.31,1,1,1,82197.46,0
10162,565,Germany,Female,63,8,135742.65,3,1,0,64430.72,1
10163,642,Germany,Male,20,10,0.0,2,0,0,104429.1,0
10164,448,France,Male,22,5,179951.92,1,1,1,61087.61,0
10165,521,Germany,Male,31,7,0.0,1,1,1,61883.93,0
10166,709,France,Female,20,9,58864.35,1,1,0,114026.06,0
10167,563,France,Female,40,0,174559.27,1,0,0,56827.35,0
10168,824,Spain,Female,56,9,159397.53,1,1,1,42104.31,0
10169,384,France,Female,47,10,102995.96,3,1,0,124032.23,1
10170,798,France,Male,67,6,26146.95,2,1,0,123725.09,0
10171,576,Spain,Male,62,2,0.0,2,0,1,82174.07,0
10172,450,France,Male,40,8,0.0,2,1,1,86098.51,0
10173,780,France,Female,44,5,77008.25,2,1,1,108970.34,0
10174,811,France,Female,71,4,167294.64,2,0,1,83752.03,0
10175,480,Germany,Female,27,7,0.0,3,1,1,71300.39,0
10176,606,Spain,Male,42,7,161127.39,1,1,1,149310.72,0
10177,354,France,Female,30,2,75509.08,3,0,0,34931.46,1
10178,567,France,Male,33,1,0.0,2,1,0,95018.28,0
10179,604,France,Male,58,1,70288.33,1,1,1,134591.51,0
10180,747,France,Male,51,4,33420.02,2,0,0,107774.03,0
10181,708,Germany,Female,72,9,6678.64,2,1,0,133924.65,1
10182,632,France,Male,54,6,0.0,3,1,0,60405.19,1
10183,742,France,Female,39,7,0.0,1,0,0,51719.05,0
10184,556,Spain,Male,34,9,0.0,2,1,0,129921.77,0
10185,364,Spain,Female,40,7,41302.63,1,1,1,68205.47,0
10186,695,Spain,Male,71,7,193964.16,1,1,0,110807.11,1
10187,391,France,Male,53,9,0.0,1,1,0,34946.06,0
10188,729,France,Female,66,10,157156.43,2,1,1,117038.15,0
10189,810,France,Female,26,2,0.0,2,1,1,89112.66,0
10190,528,France,Female,69,10,7497.59,1,1,0,51262.57,1
10191,412,Spain,Female,19,1,183560.51,2,1,1,81758.04,0
10192,701,Germany,Female,49,3,0.0,1,1,1,109087.39,0
10193,580,Spain,Male,73,0,110355.86,1,1,1,16604.67,1
10194,590,Germany,Female,67,2,54810.84,2,1,0,101058.05,1
10195,401,France,Male,70,10,13038.56,1,1,1,88114.76,1
10196,445,Spain,Male,39,8,9984.5,2,0,1,44738.63,0
10197,737,France,Male,60,6,0.0,1,1,1,116652.44,0
10198,571,Spain,Female,30,6,14273.4,1,1,0,55967.23,0
10199,834,France,Female,25,0,152111.62,2,1,1,52376.23,0
10200,756,France,Male,18,6,0.0,2,1,1,78614.48,0
10201,580,France,Female,34,9,0.0,1,0,0,106280.21,0
10202,586,Germany,Female,29,6,83673.78,2,1,0,140394.21,0
10203,492,France,Male,21,3,0.0,2,1,1,34083.23,0
10204,520,France,Male,70,6,0.0,2,1,0,68523.2,1
10205,378,France,Female,30,7,143135.3,1,0,1,24043.59,0
10206,385,Germany,Male,48,2,0.0,2,1,0,117404.35,1
10207,362,Spain,Female,58,9,63929.61,2,1,0,75443.94,1
10208,509,Spain,Male,24,1,0.0,1,0,1,110435.43,0
10209,676,France,Male,40,6,122742.44,2,1,0,58496.25,0
10210,536,Spain,Female,41,4,124725.19,3,1,1,128982.83,0
10211,592,France,Female,22,4,96339.97,2,1,1,87201.79,0
10212,435,Germany,Female,22,4,80131.57,2,1,1,142387.06,0
10213,633,Spain,Female,34,6,0.0,2,1,1,25639.98,0
10214,415,France,Female,47,8,164224.73,2,1,1,84427.37,0
10215,519,France,Female,26,10,86996.04,2,0,0,118471.46,0
10216,394,France,Male,23,7,145458.5,2,0,1,96020.61,0
10217,411,France,Male,42,5,53912.34,2,0,0,18131.21,0
10218,790,France,Male,36,6,0.0,1,0,0,146265.72,0
10219,483,Spain,Female,33,8,70486.21,1,1,1,55265.6,0
10220,633,France,Male,38,10,80594.56,2,1,1,48652.51,0
10221,377,France,Female,19,5,0.0,1,0,0,80564.08,0
10222,457,France,Male,27,0,0.0,2,0,0,88191.34,0
10223,393,France,Female,33,3,71838.68,3,1,1,118448.9,0
10224,689,Germany,Female,54,7,116083.63,2,0,0,68091.94,0
10225,635,France,Male,32,6,14792.64,4,1,1,74394.65,0
10226,795,Spain,Female,30,2,34999.37,2,0,1,87219.59,0
10227,680,Germany,Male,30,9,177938.75,1,1,0,68242.26,0
10228,477,Spain,Male,49,2,121737.51,2,1,0,138463.99,0
10229,697,Germany,Female,62,10,190056.81,1,1,1,129919.02,0
10230,822,France,Male,64,2,199750.01,1,1,0,76421.45,1
10231,580,Germany,Female,63,0,74372.02,1,1,0,15026.31,1
10232,539,France,Male,25,9,59760.61,1,0,0,136626.16,0
10233,574,France,Male,60,0,171671.21,1,1,0,31785.44,1
10234,734,Spain,Female,35,5,199722.29,1,1,0,48009.18,0
10235,726,Germany,Male,73,0,0.0,2,1,1,35568.77,0
10236,632,Germany,Female,53,4,0.0,2,1,1,39275.1,0
10237,795,France,Female,43,3,0.0,1,1,1,123388.47,0
10238,470,France,Male,27,4,0.0,1,1,1,93232.69,0
10239,465,Germany,Male,48,6,114854.08,2,1,0,144072.85,0
10240,810,France,Male,50,5,166611.39,2,1,0,46246.22,0
10241,582,Germany,Male,46,8,137622.78,3,0,1,80560.71,1
10242,608,Germany,Male,22,5,4232.76,1,1,1,146952.83,0
10243,708,France,Male,30,8,0.0,2,1,1,126569.87,0
10244,547,France,Male,18,3,28895.14,2,0,1,113363.12,0
10245,805,France,Male,40,0,46594.44,2,0,1,40511.65,0
10246,760,France,Female,57,0,181097.9,1,0,0,118869.73,1
10247,486,Germany,Female,20,9,7378.66,1,1,1,61921.29,0
10248,667,France,Female,20,6,0.0,1,1,1,86622.48,0
10249,514,Germany,Male,24,2,0.0,1,0,1,97236.76,0
10250,574,France,Female,53,1,123376.81,2,1,1,97264.1,0
10251,656,Germany,Male,52,5,0.0,2,1,1,113080.67,0
10252,583,France,Female,32,5,43653.9,2,1,1,104329.78,0
10253,521,France,Female,57,6,0.0,2,0,1,24230.07,0
10254,501,France,Male,20,4,0.0,2,1,1,76741.85,0
10255,812,Spain,Female,46,7,100505.93,1,1,1,104642.92,0
10256,664,Spain,Female,47,6,54235.56,4,1,1,54959.05,1
10257,723,Germany,Female,56,1,0.0,2,1,0,57262.65,0
10258,509,France,Female,35,0,92773.04,1,1,1,31816.62,0
10259,445,France,Male,28,8,11759.2,1,1,1,71513.02,0
10260,821,Spain,Male,60,4,0.0,2,0,1,148222.11,0
10261,582,France,Male,66,10,65769.06,2,0,0,53518.11,0
10262,529,France,Female,55,4,130697.79,1,1,1,86743.98,0
10263,462,Germany,Male,57,9,55918.87,2,0,0,115337.03,1
10264,667,Germany,Female,18,3,114148.75,2,0,1,16822.13,0
10265,846,Germany,Male,46,1,154430.5,2,1,0,136559.34,0
10266,791,Germany,Male,27,4,185601.75,1,0,1,67184.27,0
10267,401,France,Male,45,1,0.0,1,1,0,132330.66,0
10268,617,France,Female,74,6,66971.39,3,1,0,20257.93,1
10269,644,Spain,Male,48,10,92853.28,2,1,1,34664.58,0
10270,735,Germany,Male,36,8,0.0,1,0,0,58541.48,0
10271,736,France,Male,20,8,180277.37,1,0,1,61637.34,0
10272,462,France,Male,53,10,17975.66,1,0,1,129452.22,0
10273,450,France,Male,60,5,26385.97,1,0,1,16512.15,1
10274,462,Spain,Female,32,0,99101.84,2,0,0,101550.09,0
10275,789,Germany,Male,50,5,21323.85,3,1,1,32727.18,0
10276,430,Germany,Male,58,4,69116.17,1,1,0,126134.11,1
10277,536,France,Female,60,3,29677.08,1,1,1,120107.39,1
10278,462,Germany,Female,68,5,127208.07,2,1,1,82489.34,1
10279,351,Spain,Female,62,5,0.0,1,1,0,43712.78,1
10280,479,France,Male,43,5,0.0,3,1,0,100656.88,1
10281,569,France,Female,33,1,0.0,2,0,0,36094.87,0
10282,403,France,Female,53,6,119802.53,3,1,1,40653.21,1
10283,692,France,Female,50,3,0.0,1,1,0,99603.14,0
10284,834,Germany,Male,37,8,0.0,1,0,1,148815.84,0
10285,573,France,Female,30,9,137912.88,1,1,1,135293.21,0
10286,574,Germany,Female,50,1,0.0,1,1,1,95069.49,0
10287,734,France,Male,22,4,41229.23,1,0,1,87702.46,0
10288,752,France,Male,54,3,0.0,3,1,0,149781.96,0
10289,475,France,Female,31,8,15192.06,2,1,1,88898.61,0
10290,479,France,Female,44,3,0.0,2,1,1,71715.73,0
10291,402,France,Male,40,7,50548.53,1,1,1,137790.0,0
10292,521,Germany,Female,31,7,0.0,2,1,0,46614.88,0
10293,567,Spain,Male,57,5,0.0,2,1,0,28166.01,0
10294,509,Spain,Male,21,5,0.0,1,0,0,100602.15,0
10295,547,France,Female,56,10,98688.86,3,1,0,27939.7,1
10296,765,France,Male,69,7,114429.38,1,1,0,65375.05,1
10297,596,France,Male,36,9,0.0,1,0,1,72182.95,0
10298,673,Spain,Female,64,8,0.0,1,1,1,88917.64,0
10299,788,France,Male,71,4,38505.98,2,1,1,148874.04,0
10300,552,France,Male,21,10,149026.55,2,0,1,44832.53,0
10301,533,Spain,Female,47,0,25411.25,1,1,0,65727.11,0
10302,472,France,Female,36,0,20774.76,1,0,1,32852.42,0
10303,750,France,Female,48,1,0.0,1,1,1,97027.83,0
10304,604,France,Female,48,9,0.0,1,1,1,113235.88,0
10305,643,Germany,Male,26,9,61354.55,1,0,1,80080.37,0
10306,629,Spain,Female,70,4,95045.49,1,1,0,48187.22,1
10307,674,France,Male,30,3,0.0,1,1,1,98819.92,0
10308,721,France,Female,31,0,141715.83,2,1,0,87786.29,0
10309,447,Germany,Male,72,3,124686.36,2,0,0,38110.07,1
10310,547,Spain,Female,63,3,128879.23,2,0,0,69767.06,1
10311,819,France,Male,71,9,142810.87,1,1,1,73751.61,0
10312,744,Germany,Male,27,3,58522.55,1,1,0,147653.4,0
10313,589,France,Female,65,0,0.0,1,1,1,129653.59,1
10314,493,Spain,Female,48,8,87599.55,1,1,0,114140.06,1
10315,446,Spain,Female,54,2,61492.43,1,1,1,134984.9,0
10316,550,France,Male,40,3,0.0,2,0,1,114290.39,0
10317,473,Germany,Male,44,4,162810.39,3,0,0,136959.25,1
10318,536,Spain,Female,23,6,0.0,1,1,0,22364.67,0
10319,675,Spain,Female,43,5,0.0,1,1,1,76568.94,0
10320,813,France,Female,19,4,0.0,3,1,0,115831.28,0
10321,698,France,Female,62,7,0.0,1,1,1,93744.93,0
10322,608,France,Female,30,0,22858.26,2,1,1,38647.43,0
10323,497,Germany,Female,68,6,106667.62,4,1,0,60966.43,1
10324,601,France,Female,67,5,0.0,4,0,0,57899.54,1
10325,792,Spain,Female,36,10,147350.04,1,1,0,50281.83,0
10326,769,Spain,Female,18,4,43121.81,1,1,0,61323.3,0
10327,752,France,Female,57,6,79859.85,1,1,0,84505.19,0
10328,695,Spain,Female,49,2,101578.84,2,1,0,130407.32,0
10329,800,France,Female,39,0,162041.17,3,1,0,115174.41,1
10330,496,Germany,Male,65,8,167824.32,2,1,0,127758.71,1
10331,497,France,Male,46,1,0.0,2,0,1,134286.51,0
10332,701,France,Female,19,9,101849.05,2,1,1,71180.31,0
10333,548,France,Female,57,2,138854.95,2,1,1,61713.55,0
10334,657,France,Female,55,7,22360.07,2,0,0,22779.16,0
10335,838,Germany,Female,65,9,113057.79,2,0,0,140616.37,1
10336,766,Spain,Female,72,8,49738.36,2,1,1,23886.11,0
10337,773,Spain,Male,28,2,86343.38,1,0,1,115053.29,0
10338,477,France,Female,34,5,0.0,2,1,0,66044.62,0
10339,388,France,Female,72,6,0.0,1,1,0,143085.4,1
10340,687,France,Male,68,0,10437.01,1,1,1,71646.27,0
10341,709,Spain,Male,60,6,2046.77,2,1,1,125242.13,0
10342,478,Germany,Male,25,3,0.0,2,1,0,53158.4,0
10343,616,France,Male,39,4,0.0,3,1,1,55376.98,0
10344,825,France,Male,21,7,22071.01,1,1,1,95395.12,0
10345,790,Spain,Male,28,3,47897.74,2,1,1,149727.66,0
10346,822,Germany,Male,25,3,44244.3,1,0,1,84872.28,0
10347,783,Spain,Male,26,7,197359.32,3,0,0,141401.67,0
10348,500,Germany,Male,43,4,61201.22,1,0,1,121143.73,0
10349,764,France,Female,19,5,25484.16,2,1,1,122441.68,0
10350,827,France,Female,33,10,0.0,2,1,1,73854.6,0
10351,647,Germany,Female,48,4,171591.49,1,1,1,67183.2,0
10352,448,Spain,Male,23,0,135612.08,3,1,1,40909.44,0
10353,612,France,Male,70,6,0.0,2,1,0,145132.07,1
10354,601,Spain,Male,38,5,112323.23,1,1,0,144518.14,0
10355,493,Germany,Female,43,1,142971.19,1,1,1,115854.14,0
10356,695,Spain,Male,36,10,145620.9,1,1,0,54994.08,0
10357,461,Spain,Female,45,6,0.0,1,1,0,48099.24,0
10358,849,France,Male,25,5,0.0,2,0,0,148462.38,0
10359,409,Spain,Female,31,4,174021.09,3,1,1,23983.28,1
10360,718,Spain,Male,41,7,115787.31,1,1,0,128881.18,0
10361,351,Germany,Male,65,4,85971.27,1,1,1,62986.83,1
10362,734,Germany,Female,61,10,0.0,2,0,0,71547.41,1
10363,653,Germany,Male,54,1,0.0,1,1,0,127316.98,1
10364,603,France,Male,73,5,1130.42,1,1,0,27231.41,1
10365,489,Spain,Female,43,0,198399.4,1,1,0,62812.91,0
10366,802,Germany,Female,48,4,0.0,2,0,1,143523.28,0
10367,386,Spain,Female,73,5,0.0,2,1,1,109373.9,1
10368,509,Germany,Male,68,6,0.0,2,1,1,116916.79,1
10369,358,Germany,Male,49,1,45008.08,1,0,0,117263.22,1
10370,582,France,Male,67,0,0.0,2,1,1,23176.96,0
10371,448,Spain,Male,58,5,26516.44,2,0,0,42433.03,1
10372,496,France,Female,19,2,0.0,2,1,0,81320.54,0
10373,653,France,Female,42,4,35427.09,1,1,1,64700.28,0
10374,557,Spain,Male,69,10,0.0,2,1,1,70473.16,0
10375,480,Germany,Female,61,1,74692.84,2,1,0,120495.4,1
10376,753,France,Male,19,0,0.0,1,1,0,16981.7,0
10377,501,France,Female,59,0,198962.61,1,0,1,104166.41,1
10378,403,Spain,Male,18,10,0.0,3,1,0,15014.88,0
10379,469,France,Male,53,3,145193.76,2,0,1,23512.9,0
10380,510,France,Male,74,9,10349.1,3,1,1,70118.63,1
10381,757,France,Female,29,1,6038.4,2,0,1,128528.05,0
10382,465,France,Female,26,0,21066.78,2,0,0,34574.43,0
10383,424,France,Male,53,5,0.0,1,1,1,89873.89,1
10384,462,France,Male,58,3,0.0,1,1,0,106598.21,1
10385,805,France,Male,45,9,38785.56,3,1,0,45986.94,0
10386,769,Germany,Male,55,6,0.0,1,1,1,84164.58,0
10387,771,Spain,Female,50,10,48107.02,1,1,0,138039.98,0
10388,453,Spain,Male,59,5,0.0,2,1,0,84150.85,0
10389,689,France,Male,63,4,113940.93,2,0,1,36238.61,0
10390,603,France,Female,39,9,0.0,1,1,1,99754.93,0
10391,576,Spain,Male,42,1,151324.56,1,1,0,94947.02,0
10392,461,France,Female,35,4,61910.63,1,1,0,18638.89,0
10393,822,France,Female,23,8,184426.27,1,1,0,27230.24,0
10394,448,Spain,Male,35,8,131344.54,2,1,0,36165.48,0
10395,502,Spain,Female,69,1,87270.24,1,1,1,33399.03,1
10396,698,France,Female,33,6,0.0,2,0,1,50027.88,0
10397,751,France,Male,32,9,163582.93,2,0,1,76304.22,0
10398,733,Spain,Male,65,3,58096.32,2,0,0,65181.7,0
10399,715,France,Male,25,2,67942.91,1,0,0,135237.74,0
10400,687,Spain,Female,30,10,187191.03,2,1,0,97634.77,0
10401,543,Spain,Female,72,0,0.0,1,0,0,133279.49,1
10402,659,Germany,Female,60,2,0.0,1,1,0,86150.31,1
10403,512,France,Female,74,10,90811.06,2,1,0,27132.51,1
10404,557,Germany,Female,24,8,0.0,1,0,0,77543.81,0
10405,794,Spain,Female,34,8,0.0,2,1,1,125974.39,0
10406,518,France,Male,67,6,0.0,1,1,1,41204.01,1
10407,833,France,Female,49,2,0.0,1,0,1,27313.93,0
10408,510,Spain,Male,39,2,20012.93,4,1,0,59473.69,1
10409,417,France,Female,72,3,117737.79,2,0,1,67501.21,1
10410,638,France,Male,68,6,155679.12,2,0,1,56344.79,0
10411,747,France,Male,74,6,18665.62,2,1,0,33257.51,1
10412,626,Germany,Male,30,1,34531.48,1,1,1,48863.38,0
10413,653,Germany,Male,64,4,0.0,2,0,1,107108.12,1
10414,753,Spain,Female,40,6,0.0,1,0,1,67100.35,0
10415,733,France,Male,71,6,177346.88,2,1,0,100394.18,1
10416,741,France,Female,46,5,134132.66,2,1,0,87401.01,0
10417,484,Spain,Male,39,9,196408.02,3,0,1,89122.15,1
10418,544,France,Female,18,9,12606.73,2,1,0,48554.19,0
10419,750,France,Male,46,7,180600.22,1,1,1,85408.31,0
10420,477,Spain,Male,65,2,162813.66,2,0,1,18185.29,0
10421,382,Germany,Female,22,0,62848.3,1,1,0,73285.41,0
10422,525,Spain,Male,52,2,0.0,1,1,1,92304.08,0
10423,809,Spain,Male,72,10,57587.55,1,1,1,39569.41,0
10424,792,Germany,Male,27,1,0.0,2,1,0,49635.4,0
10425,720,France,Male,36,1,176149.72,1,1,0,44636.69,0
10426,819,Spain,Male,54,1,151531.52,1,0,1,24525.32,0
10427,724,Germany,Male,24,4,112694.09,3,0,1,61960.74,0
10428,371,France,Female,63,0,24000.55,2,1,0,147160.38,1
10429,587,Spain,Female,52,9,0.0,1,1,0,62773.85,0
10430,507,Spain,Male,62,3,0.0,1,1,1,77172.44,0
10431,387,Spain,Female,30,9,158443.41,2,1,1,103166.78,0
10432,579,Spain,Male,27,4,0.0,2,1,0,102547.2,0
10433,714,Germany,Female,19,1,182122.5,1,1,1,143235.82,0
10434,400,Germany,Female,23,4,2966.03,2,1,0,130771.16,0
10435,787,France,Female,25,9,161820.64,2,1,0,122183.34,0
10436,613,Germany,Male,53,3,0.0,2,0,1,143469.68,0
10437,632,France,Male,42,7,0.0,3,1,0,46153.33,1
10438,376,France,Male,61,0,26038.89,2,1,1,98302.32,0
10439,575,France,Male,64,4,16255.82,2,1,0,134771.56,0
10440,626,France,Male,57,10,0.0,1,1,1,99258.65,0
10441,635,France,Male,24,9,125749.05,2,0,0,146951.76,0
10442,446,Germany,Male,63,0,125934.53,2,1,0,28547.62,1
10443,633,Spain,Male,40,9,197382.74,1,1,1,74309.62,0
10444,716,Spain,Female,36,9,0.0,2,1,1,146943.99,0
10445,797,France,Female,63,3,0.0,1,1,1,66241.68,0
10446,830,Germany,Female,39,7,124884.99,1,0,1,114840.11,0
10447,802,Germany,Male,30,0,165121.73,1,1,1,19104.39,0
10448,666,Germany,Female,38,10,0.0,2,1,1,108803.01,0
10449,653,France,Female,18,1,160624.83,3,1,1,141174.61,0
10450,496,France,Male,36,0,0.0,1,1,1,66665.35,0
10451,353,France,Male,50,10,0.0,2,1,1,17875.48,0
10452,384,France,Female,21,6,171259.87,1,0,1,18767.82,0
10453,541,France,Male,59,1,0.0,3,1,0,135423.15,1
10454,398,Germany,Male,20,0,43337.33,2,0,1,112539.67,0
10455,366,France,Male,44,5,33944.69,2,1,0,29402.66,0
10456,521,France,Male,69,5,31.55,2,0,0,22369.69,1
10457,569,France,Female,58,9,143647.6,1,0,0,123651.42,1
10458,507,France,Female,52,1,22219.44,2,1,1,124331.19,0
10459,826,France,Male,45,0,0.0,3,1,1,31270.45,0
10460,395,France,Male,23,9,59575.27,1,1,1,55705.25,0
10461,722,France,Female,23,2,112075.97,2,1,0,120303.52,0
10462,355,Germany,Female,72,9,0.0,3,1,0,85930.63,1
10463,448,Germany,Male,74,4,0.0,1,1,1,144138.96,1
10464,729,France,Female,61,5,11127.73,2,1,0,79943.46,0
10465,582,France,Male,40,2,24787.84,3,1,0,106389.32,0
10466,386,Germany,Male,50,8,99842.3,2,1,0,83820.75,1
10467,629,France,Female,33,10,0.0,1,1,1,142300.34,0
10468,698,France,Male,41,4,0.0,1,1,0,68818.98,0
10469,846,Germany,Female,22,1,0.0,1,0,0,46022.52,0
10470,651,France,Female,58,9,0.0,2,1,1,59095.57,0
10471,530,Spain,Female,59,5,138363.72,2,0,0,130124.65,1
10472,444,Spain,Male,30,7,24323.63,2,1,1,82221.71,0
10473,448,France,Male,64,10,13009.19,1,0,0,62824.06,1
10474,537,France,Male,29,5,0.0,1,1,0,88475.1,0
10475,830,Germany,Male,22,3,0.0,2,0,1,32986.01,0
10476,465,France,Female,54,5,83491.21,2,1,1,15723.51,0
10477,540,France,Female,48,7,0.0,3,1,1,52878.93,0
10478,602,Spain,Female,45,7,151266.36,2,1,1,96675.77,0
10479,818,Spain,Female,45,9,155992.44,2,1,0,111076.9,0
10480,765,France,Female,47,1,95575.46,2,1,0,126592.48,0
10481,820,Germany,Male,35,7,85976.55,2,1,0,140099.58,0
10482,510,France,Male,61,5,2205.62,1,1,1,70635.17,0
10483,605,Germany,Female,44,1,185311.42,3,1,1,114969.77,1
10484,672,Germany,Male,52,0,120661.58,2,1,1,25080.85,0
10485,477,Spain,Male,43,5,40630.79,1,1,0,22766.55,0
10486,367,France,Male,74,6,0.0,1,1,1,31847.73,1
10487,630,Germany,Female,56,9,182986.38,1,1,1,75556.83,1
10488,839,France,Male,66,4,0.0,2,0,1,43522.99,0
10489,572,Spain,Female,68,9,174811.31,1,1,1,53734.87,1
10490,403,France,Female,35,7,199556.88,1,1,1,102463.82,0
10491,407,France,Male,50,10,48937.24,2,1,0,63400.49,0
10492,672,France,Male,42,8,0.0,1,1,0,90245.16,0
10493,709,Germany,Male,73,3,0.0,2,1,0,70674.51,1
10494,523,Germany,Female,48,6,0.0,1,1,0,37810.85,1
10495,629,France,Female,54,7,19687.51,2,0,0,24992.7,0
10496,463,France,Female,19,5,195884.1,1,1,0,46891.25,0
10497,637,Spain,Female,50,1,59204.91,1,0,0,22789.56,0
10498,780,France,Male,56,6,174178.36,1,0,1,98512.61,0
10499,691,France,Male,60,8,825.43,2,1,1,122421.88,0
10500,500,Spain,Female,60,4,0.0,2,1,1,60865.0,0
10501,799,Spain,Male,49,1,93174.26,1,0,0,67259.99,0
10502,476,Germany,Male,35,3,47742.94,2,1,0,125185.79,0
10503,504,France,Male,34,2,0.0,1,1,0,45052.74,0
10504,839,France,Male,51,3,0.0,4,0,1,31086.64,1
10505,735,Spain,Male,56,9,15497.16,3,0,1,82650.95,1
10506,823,Germany,Male,24,6,0.0,2,0,0,102235.67,0
10507,622,Spain,Male,59,9,0.0,2,0,1,95953.35,0
10508,453,Spain,Male,71,7,37120.81,2,1,0,111372.86,1
10509,766,France,Female,70,0,0.0,2,1,1,22661.41,0
10510,742,Germany,Female,52,7,83214.05,2,1,0,72807.22,0
10511,648,France,Male,47,4,18686.37,3,0,0,47207.02,1
10512,595,France,Female,29,6,0.0,2,1,1,117481.37,0
10513,525,Spain,Male,52,10,18167.64,2,1,1,132818.62,0
10514,388,France,Male,28,10,25787.46,2,1,1,52980.33,0
10515,826,France,Female,61,0,47921.97,2,1,1,27854.44,0
10516,519,Germany,Female,74,1,171905.54,2,1,0,49212.77,1
10517,596,France,Female,21,0,0.0,1,0,0,29041.15,0
10518,375,Spain,Male,42,4,0.0,1,1,1,58526.99,0
10519,704,France,Male,65,5,0.0,1,1,1,87656.81,0
10520,655,Germany,Female,49,9,54489.29,2,0,1,146446.93,0
10521,758,France,Male,37,8,109831.14,1,0,0,68914.98,0
10522,757,France,Male,67,7,144370.63,4,0,1,44705.39,1
10523,362,Germany,Female,48,6,198674.56,2,1,0,37518.23,1
10524,665,Germany,Female,21,4,26314.14,2,0,1,38360.37,0
10525,740,France,Female,71,2,9858.4,1,0,1,41000.69,1
10526,662,France,Male,55,8,138871.18,2,1,1,117906.05,0
10527,385,Germany,Female,70,4,166445.16,2,1,1,23238.74,1
10528,522,Spain,Male,64,2,169269.76,2,0,0,149649.37,1
10529,369,Germany,Male,18,2,135692.71,1,1,0,85562.66,0
10530,670,Germany,Female,20,2,190803.16,2,1,1,88476.71,0
10531,613,France,Male,54,5,102200.95,2,1,0,63271.12,1
10532,843,France,Male,39,0,182762.96,2,1,1,108184.47,0
10533,749,Spain,Female,34,10,0.0,3,1,1,78646.61,0
10534,491,France,Male,31,3,0.0,2,1,1,59423.27,0
10535,809,France,Male,58,7,61951.71,4,0,1,50793.68,1
10536,720,Germany,Male,52,2,39243.13,2,1,1,139962.91,0
10537,820,Spain,Male,30,4,0.0,4,1,1,54283.58,0
10538,492,Germany,Male,52,1,0.0,2,1,0,73913.09,0
10539,441,Spain,Female,60,1,175551.67,1,1,1,62296.09,0
10540,703,Spain,Female,19,10,20006.33,1,1,1,26634.14,0
10541,671,France,Male,73,6,51548.01,1,0,0,40101.14,1
10542,637,France,Female,64,9,0.0,1,0,1,40582.77,0
10543,564,France,Male,30,2,18997.33,1,0,1,108642.68,0
10544,796,France,Male,68,4,0.0,1,1,1,69889.03,0
10545,691,Germany,Female,71,2,0.0,2,0,0,120565.62,1
10546,400,France,Male,33,5,0.0,1,1,1,110708.37,0
10547,502,France,Female,35,9,31626.53,1,0,0,40926.72,0
10548,535,France,Male,24,2,0.0,2,1,1,90993.78,0
10549,412,France,Female,62,7,89508.45,2,0,0,115292.69,1
10550,539,France,Male,53,1,0.0,4,1,1,100460.79,1
10551,474,France,Male,58,2,93573.98,2,1,0,96002.23,1
10552,499,France,Male,47,7,0.0,1,1,0,114847.47,0
10553,663,France,Female,59,7,28365.77,1,1,0,22665.4,0
10554,407,France,Female,58,0,749.02,1,1,0,113741.96,1
10555,691,Germany,Female,24,7,106431.5,1,0,1,51808.46,0
10556,654,France,Male,32,9,21431.34,1,0,1,92202.75,0
10557,529,France,Male,57,1,0.0,4,0,0,47711.17,1
10558,519,Spain,Male,36,6,117854.35,1,1,0,128240.37,0
10559,675,France,Female,60,5,55137.18,1,0,0,79875.51,0
10560,620,Germany,Female,54,1,35044.86,1,0,1,101797.06,0
10561,403,Spain,Male,19,4,154944.32,2,1,0,122201.08,0
10562,840,France,Female,59,6,189358.23,1,1,0,135867.56,1
10563,793,Spain,Male,65,7,0.0,1,1,0,113828.38,1
10564,450,France,Female,72,2,0.0,1,1,0,35083.76,1
10565,830,Spain,Female,30,0,192002.53,1,1,0,130361.87,0
10566,613,France,Male,57,6,7556.84,1,1,0,98508.02,0
10567,402,Germany,Male,58,4,195526.47,2,0,1,97275.72,1
10568,409,France,Female,60,4,928.9,1,1,1,139380.98,0
10569,841,Spain,Female,60,6,174733.73,2,1,0,48592.26,0
10570,457,Spain,Female,72,0,61465.04,2,0,1,47344.33,1
10571,354,France,Male,48,7,0.0,2,1,0,84281.13,0
10572,452,France,Male,33,9,63389.06,1,1,1,116366.51,0
10573,545,Spain,Male,59,4,130861.26,1,0,0,75377.5,1
10574,611,Germany,Female,73,7,16006.51,1,1,1,100575.34,1
10575,714,France,Female,61,9,48465.96,2,0,1,76090.84,0
10576,829,Germany,Male,74,9,154735.87,2,1,0,97402.27,1
10577,721,Germany,Male,23,4,0.0,1,1,1,126005.41,0
10578,699,Germany,Male,45,6,185593.81,2,1,1,39364.35,0
10579,396,France,Male,49,9,85750.28,2,0,1,108876.1,0
10580,704,Spain,Male,61,2,0.0,2,0,0,121302.47,0
10581,660,France,Male,27,1,89791.09,1,0,0,75360.04,0
10582,773,Germany,Male,67,5,0.0,2,0,1,58636.53,1
10583,657,France,Male,35,4,191966.88,1,1,0,16828.48,0
10584,493,France,Female,21,8,0.0,2,1,1,122609.18,0
10585,618,Spain,Male,26,9,177184.73,1,1,0,59271.72,0
10586,719,France,Male,24,3,0.0,1,1,1,63236.78,0
10587,473,Germany,Male,67,10,42136.08,2,1,1,60360.83,1
10588,455,Germany,Male,25,2,124858.08,2,1,0,82329.81,0
10589,507,Spain,Male,60,8,14536.46,1,1,1,109837.44,0
10590,496,France,Male,24,7,167342.14,1,0,0,119201.52,0
10591,494,Spain,Female,58,5,34909.18,2,1,0,67997.05,1
10592,469,France,Female,57,0,0.0,3,1,0,104518.77,1
10593,668,France,Female,20,9,0.0,2,1,0,112292.37,0
10594,624,Germany,Male,34,10,0.0,4,1,0,55083.84,1
10595,441,France,Female,19,0,170983.39,1,1,1,28043.9,0
10596,407,France,Female,32,5,194848.51,2,0,0,135779.87,0
10597,788,Germany,Male,63,2,87898.5,2,0,0,106410.66,0
10598,695,France,Male,46,2,0.0,2,1,0,102494.91,0
10599,578,France,Female,67,5,149823.12,1,1,0,22951.84,1
10600,823,Germany,Male,65,2,113034.65,2,1,1,125412.86,0
10601,466,France,Male,69,10,89578.27,2,1,0,91417.31,1
10602,667,Germany,Female,39,9,61853.78,2,1,1,129464.4,0
10603,628,Germany,Female,21,5,0.0,2,1,0,146565.76,0
10604,476,Germany,Male,74,4,0.0,2,0,1,144208.54,1
10605,742,Spain,Male,69,3,151402.37,2,0,0,130572.06,1
10606,745,France,Male,23,7,108778.74,1,0,0,16477.9,0
10607,478,France,Female,55,1,175369.55,1,1,1,134573.17,0
10608,407,Germany,Male,43,10,0.0,2,1,0,25133.41,0
10609,471,Germany,Male,28,6,47652.48,3,0,1,129911.19,0
10610,350,Spain,Female,43,3,170218.38,1,0,1,52823.5,1
10611,588,France,Male,34,1,111443.81,2,1,0,97359.23,0
10612,639,France,Female,41,6,0.0,1,1,1,20139.21,0
10613,445,France,Male,45,0,124701.56,1,1,1,119109.53,0
10614,475,Spain,Male,52,3,0.0,2,1,1,30080.33,0
10615,467,France,Female,48,8,168881.12,2,0,1,70442.9,0
10616,397,Germany,Male,30,3,0.0,1,1,0,125355.21,0
10617,438,Spain,Male,71,2,145288.27,2,0,1,108872.11,1
10618,837,France,Male,52,9,19107.24,2,1,1,15815.76,0
10619,586,Spain,Female,33,9,79204.87,3,1,0,69409.37,1
10620,722,France,Female,32,1,0.0,1,1,1,20660.21,0
10621,734,Spain,Female,60,2,0.0,2,1,0,105922.48,0
10622,621,Spain,Male,35,0,31988.16,1,1,1,145808.05,0
10623,538,Germany,Male,64,9,55552.81,1,1,0,103460.27,1
10624,836,Germany,Male,54,7,65963.16,2,1,0,45290.28,0
10625,541,France,Female,65,0,130073.11,2,1,1,62956.46,0
10626,796,France,Male,65,2,151398.95,1,0,0,146847.83,1
10627,418,Spain,Female,66,2,149905.32,3,1,0,45247.08,1
10628,627,France,Male,58,1,101974.81,2,1,0,90806.42,0
10629,698,France,Female,44,4,162164.11,2,1,1,69061.26,0
10630,596,France,Female,72,9,0.0,2,1,1,118722.57,1
10631,800,Spain,Female,52,2,24776.11,1,1,0,132097.55,0
10632,425,France,Male,69,2,112888.37,2,1,0,61013.03,1
10633,503,Spain,Male,62,7,190460.28,1,1,0,104153.51,1
10634,493,Germany,Male,71,3,0.0,2,0,1,89121.44,0
10635,784,France,Male,52,3,115740.13,1,0,0,52590.01,0
10636,834,France,Male,45,2,0.0,1,1,0,51712.01,0
10637,435,France,Male,56,10,186112.41,2,1,0,87715.27,1
10638,534,Germany,Male,55,0,85668.56,1,1,1,35790.39,1
10639,634,France,Female,26,7,66278.83,1,1,1,124459.34,0
10640,811,France,Female,29,0,195448.31,1,1,1,24315.65,0
10641,569,France,Male,32,6,0.0,2,1,0,27767.56,0
10642,418,Germany,Female,38,4,64608.72,2,1,1,61200.55,0
10643,396,France,Male,69,3,0.0,1,1,1,30942.39,1
10644,846,Germany,Male,52,3,83015.63,1,1,0,79219.5,0
10645,443,Germany,Male,59,7,29819.14,1,0,0,68956.25,1
10646,587,France,Female,50,10,191563.86,2,0,0,112444.32,0
10647,795,Germany,Male,68,10,80862.49,2,1,1,143655.56,0
10648,849,France,Male,36,5,175065.82,1,1,1,116730.41,0
10649,802,Germany,Female,72,0,0.0,1,0,1,39225.57,1
10650,553,Spain,Male,40,9,109574.16,1,0,0,141295.37,0
10651,749,Germany,Female,30,7,4792.28,1,1,0,67938.01,0
10652,567,France,Female,61,1,152844.1,1,1,1,79015.56,1
10653,823,France,Female,18,5,0.0,2,0,0,71912.79,0
10654,781,France,Male,68,8,0.0,1,0,1,52873.85,0
10655,690,France,Male,46,0,0.0,2,1,1,135830.98,0
10656,388,France,Male,41,5,42207.67,2,1,0,59852.25,0
10657,449,France,Male,33,7,14866.17,1,0,0,93110.52,0
10658,638,France,Male,42,9,57782.86,2,1,1,47404.53,0
10659,603,France,Male,72,1,0.0,2,1,0,122645.68,0
10660,571,Germany,Female,40,4,0.0,1,1,1,119516.82,0
10661,706,France,Female,45,5,0.0,2,1,0,55002.14,0
10662,372,France,Male,64,4,0.0,1,1,1,107009.8,1
10663,599,France,Male,33,2,54605.76,2,1,1,110022.93,0
10664,359,France,Male,60,3,48901.5,2,1,1,90939.04,0
10665,595,Germany,Male,73,6,27411.94,2,0,1,96080.78,1
10666,674,France,Female,55,3,169814.17,2,1,1,92551.38,0
10667,449,Spain,Female,28,8,0.0,2,1,0,26051.69,0
10668,639,Germany,Female,20,10,37302.2,2,1,0,105485.82,0
10669,529,Germany,Female,32,9,35441.88,2,0,0,78419.63,0
10670,572,Spain,Female,18,1,174607.12,1,1,0,74191.73,0
10671,743,Germany,Female,24,4,148546.17,2,0,0,131099.89,0
10672,599,Germany,Male,18,7,131879.82,1,1,0,18135.61,0
10673,496,Spain,Female,66,4,81372.82,1,0,1,48927.51,1
10674,791,Spain,Male,49,9,0.0,2,1,1,31389.47,0
10675,445,Spain,Male,26,7,195890.15,1,1,0,19771.04,0
10676,606,Spain,Male,46,7,159447.92,1,1,1,52216.39,0
10677,674,Spain,Male,43,8,60355.84,2,0,0,148444.3,0
10678,842,France,Female,40,9,169512.96,1,1,0,51480.94,0
10679,353,France,Male,62,5,0.0,1,1,1,104600.29,1
10680,365,France,Male,60,3,59416.11,2,1,0,30970.35,0
10681,629,France,Male,46,10,85310.57,2,0,1,96249.43,0
10682,685,France,Female,69,2,0.0,2,0,0,147905.0,1
10683,596,France,Male,55,4,0.0,2,1,0,54398.07,0
10684,607,Spain,Female,50,5,0.0,2,1,0,129490.21,0
10685,846,France,Female,24,2,53502.37,2,0,1,149672.14,0
10686,825,Germany,Female,29,1,164011.87,1,1,1,94454.8,0
10687,733,France,Female,48,6,199121.74,2,1,1,56769.15,0
10688,509,France,Male,49,10,15323.96,2,0,1,105926.72,0
10689,824,Spain,Male,71,4,0.0,1,1,0,129054.51,0
10690,689,Spain,Female,37,8,0.0,1,1,1,38132.28,0
10691,501,France,Male,72,2,157790.18,1,1,0,76089.63,1
10692,745,Germany,Male,68,7,151999.43,2,1,0,58090.34,1
10693,527,Germany,Female,34,5,0.0,1,1,1,53253.46,0
10694,512,France,Male,53,3,90770.65,2,0,0,131210.87,0
10695,729,France,Female,20,8,0.0,2,0,0,71923.29,0
10696,382,Germany,Male,18,4,194788.12,2,0,1,60775.31,0
10697,766,Spain,Female,67,9,0.0,1,1,1,96473.92,0
10698,794,Spain,Male,44,5,184628.78,2,1,1,44619.21,0
10699,528,Germany,Female,70,8,0.0,1,1,0,46035.62,1
10700,776,France,Male,64,6,197814.89,2,0,0,85238.98,1
10701,450,France,Male,57,4,0.0,2,1,1,70251.82,0
10702,617,France,Female,50,1,92702.3,1,1,1,54822.62,0
10703,672,Germany,Male,37,3,122678.09,3,1,1,22283.4,1
10704,414,Spain,Male,31,1,0.0,1,1,1,85304.52,0
10705,766,Spain,Male,53,2,54834.77,4,1,1,125242.24,1
10706,517,France,Female,22,9,0.0,1,1,0,129935.92,0
10707,679,France,Male,40,2,0.0,1,0,1,46784.4,0
10708,392,France,Female,62,3,69534.35,1,1,1,95951.56,1
10709,393,Spain,Male,73,5,152571.1,1,1,1,130543.98,1
10710,634,Spain,Male,32,2,121594.23,2,1,0,70178.0,0
10711,746,France,Female,23,9,0.0,2,0,1,140838.47,0
10712,361,Germany,Female,50,0,170447.3,2,1,1,136902.1,1
10713,444,France,Female,72,0,120273.53,1,0,1,43098.08,1
10714,651,Germany,Female,36,8,192171.12,1,1,1,49960.25,0
10715,735,France,Male,30,8,134037.09,2,1,0,39359.67,0
10716,602,Spain,Male,46,4,0.0,1,1,0,41467.34,0
10717,848,France,Male,23,8,0.0,2,0,0,137561.38,0
10718,591,Germany,Female,32,10,129699.52,2,1,0,140703.62,0
10719,384,France,Female,33,6,0.0,1,1,1,22006.13,0
10720,564,France,Male,41,8,2982.05,2,0,0,95136.45,0
10721,686,France,Male,40,6,25880.6,2,1,1,91171.26,0
10722,439,France,Male,65,8,0.0,2,0,0,67723.93,1
10723,613,France,Female,27,1,85909.82,1,1,0,100279.18,0
10724,442,Germany,Male,71,10,97488.09,1,1,0,142894.66,1
10725,759,France,Male,58,10,0.0,1,1,1,37984.41,0
10726,807,Germany,Male,58,7,134678.32,1,1,0,31255.47,1
10727,439,Spain,Female,66,6,119227.61,1,1,0,19507.73,1
10728,767,Spain,Female,34,5,58892.82,2,1,1,64117.5,0
10729,464,France,Female,66,4,2731.98,2,0,1,60579.84,1
10730,454,France,Male,73,3,15529.58,2,1,1,73160.66,0
10731,740,Germany,Male,61,6,78338.96,1,1,0,82946.85,0
10732,545,Germany,Female,62,2,30794.87,3,1,0,117306.24,1
10733,663,France,Female,47,7,75363.92,1,1,1,67935.31,0
10734,463,France,Male,61,1,125636.52,2,0,1,59632.77,0
10735,842,France,Male,63,0,109447.49,3,1,1,126628.64,0
10736,424,Germany,Male,27,10,0.0,2,1,0,129722.55,0
10737,762,France,Male,72,1,0.0,4,1,0,46423.41,1
10738,725,France,Female,36,8,122806.24,2,0,0,57480.7,0
10739,769,Germany,Male,46,4,172171.01,1,1,1,126390.71,0
10740,566,France,Male,19,10,150642.69,1,0,0,25720.11,0
10741,626,France,Male,53,7,110680.01,1,1,1,58989.32,0
10742,598,Spain,Male,36,2,72458.6,1,1,0,75527.26,0
10743,513,Germany,Male,24,6,0.0,2,1,1,40254.67,0
10744,743,France,Male,43,1,175883.46,1,1,0,39288.42,0
10745,706,France,Male,32,7,7848.72,2,1,1,72356.38,0
10746,806,France,Female,64,6,197596.53,1,1,0,116860.43,1
10747,757,France,Male,73,4,132875.08,1,1,1,128431.45,1
10748,541,Spain,Male,55,10,136227.54,3,1,1,147196.74,1
10749,576,France,Female,20,3,0.0,1,1,0,24987.85,0
10750,526,France,Female,55,0,121105.85,2,1,1,44252.1,0
10751,448,France,Female,33,4,0.0,2,1,1,117145.03,0
10752,845,Spain,Male,19,8,0.0,1,0,1,87980.83,0
10753,385,Spain,Male,48,9,55584.4,2,1,1,59236.77,0
10754,815,Germany,Male,45,3,178062.89,1,1,1,42754.6,0
10755,846,France,Male,24,8,109997.68,2,0,0,52864.47,0
10756,836,Germany,Male,47,1,82683.32,2,1,0,72954.01,0
10757,445,Germany,Female,60,3,0.0,1,1,1,38915.41,1
10758,501,France,Male,24,8,0.0,2,1,1,145170.5,0
10759,500,France,Male,53,3,140570.16,1,0,0,29524.44,1
10760,539,France,Female,46,4,0.0,2,1,1,148052.95,0
10761,573,France,Male,41,10,102052.53,2,0,0,128655.59,0
10762,386,France,Female,69,7,86756.88,2,0,1,72125.47,1
10763,617,France,Female,56,0,0.0,2,1,1,114875.21,0
10764,718,France,Female,21,0,0.0,1,0,1,105654.56,0
10765,532,Germany,Female,46,8,188251.81,4,1,0,43793.73,1
10766,362,France,Male,61,8,0.0,1,0,0,60774.46,1
10767,628,Germany,Male,22,3,62238.49,2,1,0,84271.55,0
10768,566,Spain,Female,72,1,89935.97,1,1,1,101108.96,1
10769,704,Germany,Female,46,8,0.0,4,1,0,88290.82,1
10770,710,Spain,Male,47,3,32323.21,2,1,0,78853.31,0
10771,635,France,Female,46,5,58567.12,2,1,1,74825.56,0
10772,622,Spain,Male,43,0,135901.6,1,1,1,82265.71,0
10773,718,France,Female,36,8,0.0,2,1,1,73637.46,0
10774,411,France,Male,43,4,158500.34,2,1,1,88079.56,0
10775,433,Germany,Female,54,2,0.0,2,1,0,134878.02,1
10776,717,France,Female,44,3,0.0,1,1,1,100431.96,0
10777,566,France,Male,47,0,13670.34,1,1,1,112553.82,0
10778,691,Spain,Male,68,8,2518.52,1,1,0,95660.22,1
10779,746,Germany,Male,70,7,179644.7,1,1,1,101807.39,1
10780,536,Spain,Female,47,3,0.0,1,0,0,93077.23,0
10781,368,France,Female,20,1,70365.38,1,1,0,18626.98,0
10782,526,Spain,Female,60,8,46518.93,1,1,1,149945.78,0
10783,449,France,Female,24,3,123377.16,1,1,1,19537.25,0
10784,745,Spain,Female,66,8,101800.44,1,1,1,68344.98,0
10785,794,Germany,Male,74,9,198319.56,3,0,1,29190.62,1
10786,582,Spain,Male,26,2,196643.2,2,1,1,28085.34,0
10787,752,Germany,Female,70,6,127004.91,1,1,1,122126.14,1
10788,425,France,Male,58,6,88574.1,2,1,1,72499.98,0
10789,614,Spain,Male,59,9,0.0,2,1,1,123153.73,0
10790,804,Germany,Male,30,3,136495.81,3,1,0,51826.17,1
10791,633,France,Male,32,1,0.0,1,1,0,49622.48,0
10792,555,Germany,Female,71,10,65670.41,1,1,0,48916.24,1
10793,572,France,Male,22,8,0.0,4,1,1,98179.66,0
10794,733,Spain,Female,46,3,14672.15,1,1,1,125024.92,0
10795,401,Germany,Male,52,7,0.0,1,1,1,76055.24,0
10796,688,Spain,Male,44,1,97050.65,1,1,0,66198.6,0
10797,716,France,Male,44,7,156954.86,1,0,1,146433.24,0
10798,493,Spain,Female,25,10,97099.18,4,0,0,30761.79,1
10799,722,Spain,Female,49,9,0.0,1,0,0,80695.41,0
10800,418,Germany,Female,37,4,16470.6,3,1,1,70145.85,1
10801,448,France,Female,27,6,110059.1,4,1,1,28247.09,0
10802,745,France,Female,30,6,0.0,2,1,1,51207.05,0
10803,374,Spain,Female,46,8,122986.84,1,1,0,18839.56,1
10804,785,France,Female,52,2,195437.55,1,1,0,133388.83,1
10805,728,Spain,Female,71,9,0.0,1,1,1,97059.69,0
10806,818,Spain,Male,25,3,42425.08,1,0,0,125027.5,0
10807,833,Germany,Male,46,9,94618.91,2,1,0,85409.85,0
10808,402,Spain,Female,48,3,193722.76,1,0,0,95933.83,1
10809,500,Spain,Female,58,9,154361.96,3,0,1,109615.35,1
10810,493,France,Male,47,4,179645.84,2,0,1,137581.57,0
10811,406,France,Female,39,5,66742.97,2,0,1,27386.5,0
10812,388,France,Female,38,2,198407.69,2,0,1,59678.03,0
10813,458,France,Male,29,3,20566.56,1,1,1,110718.54,0
10814,530,Spain,Female,28,2,0.0,1,0,1,144377.33,0
10815,391,Spain,Male,19,1,171120.53,1,1,1,147409.0,0
10816,535,Spain,Male,67,9,185452.97,1,0,1,101143.91,1
10817,772,Germany,Male,58,8,0.0,2,0,0,41135.79,0
10818,747,Germany,Male,19,0,0.0,1,1,1,31093.2,0
10819,572,Germany,Female,51,1,0.0,1,1,0,142715.89,1
10820,471,Spain,Male,20,7,20901.51,4,1,0,73580.24,1
10821,482,Spain,Male,33,6,41883.96,1,1,1,41300.16,0
10822,512,France,Male,68,0,0.0,2,1,0,141075.49,1
10823,564,France,Male,21,4,133572.04,1,1,1,29110.78,0
10824,570,France,Male,40,9,155710.61,1,1,1,113492.1,0
10825,584,Germany,Female,74,5,0.0,2,1,0,99410.51,1
10826,680,Germany,Male,67,4,0.0,3,0,1,26844.18,1
10827,495,France,Female,37,3,159497.8,1,1,1,60731.09,0
10828,588,France,Female,42,0,0.0,1,1,0,35240.64,0
10829,425,Germany,Male,47,6,0.0,1,1,1,96607.31,0
10830,358,France,Female,35,8,112222.02,1,1,1,79410.26,0
10831,423,France,Male,59,5,106701.72,1,0,0,15577.14,1
10832,791,Germany,Male,28,2,164690.61,2,1,0,146720.93,0
10833,841,France,Male,46,9,196345.44,1,0,0,62193.93,0
10834,750,France,Male,34,3,82208.51,1,1,0,49857.59,0
10835,602,Spain,Male,43,9,0.0,2,0,0,45029.8,0
10836,579,Germany,Female,73,4,19952.6,1,0,1,36440.15,1
10837,356,Spain,Male,74,0,155366.27,1,1,0,149883.51,1
10838,523,France,Female,40,4,0.0,4,1,1,54839.78,1
10839,490,France,Male,73,0,7878.03,1,0,0,69744.32,1
10840,517,France,Female,69,8,0.0,2,1,0,132633.05,0
10841,519,Spain,Male,65,6,122128.55,1,0,1,101654.81,1
10842,742,Germany,Male,37,2,0.0,1,0,1,64773.75,0
10843,783,France,Male,62,8,184806.9,1,0,1,136274.34,0
10844,632,Germany,Male,19,1,15534.48,1,1,0,116212.77,0
10845,471,France,Male,41,6,186001.34,1,1,1,45766.57,0
10846,543,France,Female,48,8,141427.5,1,1,0,101904.76,1
10847,354,France,Male,44,5,65942.44,2,1,0,139523.8,0
10848,378,France,Female,19,9,78150.07,2,0,0,82022.22,0
10849,514,Spain,Female,74,4,148161.87,1,1,1,114037.67,1
10850,771,Spain,Female,31,6,120294.22,2,1,0,146099.01,0
10851,688,France,Male,21,5,0.0,2,0,1,108205.91,0
10852,485,Spain,Male,66,4,77832.92,2,1,1,28829.22,0
10853,845,France,Female,30,1,97562.7,1,1,1,48015.54,0
10854,714,Germany,Female,53,7,197973.5,2,1,0,95338.02,0
10855,670,Germany,Male,52,6,0.0,1,1,0,52200.04,1
10856,691,France,Male,61,5,83571.24,1,1,0,144268.13,1
10857,849,Spain,Male,71,4,0.0,2,1,0,69722.52,0
10858,494,France,Female,72,4,153022.3,2,1,1,76726.1,1
10859,676,France,Female,25,8,152802.53,3,0,1,109716.28,0
10860,566,France,Male,19,0,0.0,3,1,1,85773.71,0
10861,650,Germany,Female,23,8,16278.06,1,0,1,66589.71,0
10862,481,Spain,Female,48,5,2286.54,3,0,1,25346.11,1
10863,641,France,Male,71,3,85490.11,1,1,0,95520.15,1
10864,419,Germany,Female,27,9,82067.52,1,1,1,132123.3,0
10865,601,Spain,Female,61,6,197677.98,2,1,0,107577.93,1
10866,764,Germany,Male,38,8,0.0,1,1,1,66501.83,0
10867,624,Spain,Female,59,4,0.0,2,0,1,32243.02,0
10868,794,Spain,Male,27,4,178245.89,1,1,1,125205.66,0
10869,713,France,Male,40,7,98213.59,3,0,0,142136.03,1
10870,531,France,Male,20,6,0.0,1,1,1,67416.85,0
10871,516,Germany,Male,49,7,19133.74,1,1,1,113366.7,0
10872,440,France,Male,37,10,0.0,3,0,1,70453.06,0
10873,551,Germany,Male,27,9,0.0,1,1,1,82806.04,0
10874,695,Spain,Female,46,1,0.0,2,1,0,127924.31,0
10875,368,France,Male,58,8,68900.37,2,1,0,26262.29,1
10876,388,France,Female,69,2,125133.44,2,1,1,86595.27,1
10877,475,France,Male,68,5,182082.22,2,0,1,43973.74,1
10878,800,Germany,Female,63,5,54798.12,1,0,1,60873.8,1
10879,522,France,Female,51,1,101023.34,2,0,0,101997.89,0
10880,490,France,Male,54,6,191738.13,1,0,0,18675.84,1
10881,591,France,Female,37,8,34479.23,1,1,0,95166.39,0
10882,569,France,Male,25,9,143932.79,1,1,1,53264.7,0
10883,475,France,Female,24,10,122896.2,2,1,0,105380.39,0
10884,407,France,Male,23,0,0.0,2,1,0,34113.48,0
10885,497,Germany,Female,28,7,70243.93,3,1,1,114334.57,0
10886,825,France,Female,61,1,62775.87,2,1,1,102161.36,0
10887,805,France,Male,35,0,136841.93,2,1,0,146117.65,0
10888,666,France,Male,68,7,43108.66,3,1,1,138016.77,1
10889,732,France,Female,59,1,0.0,1,1,1,53245.89,0
10890,710,Germany,Male,74,5,0.0,2,0,0,18687.74,1
10891,772,Spain,Male,46,5,1660.97,2,1,1,103474.76,0
10892,350,France,Male,42,4,194011.47,1,0,1,96389.8,0
10893,736,Spain,Male,38,7,86340.6,2,1,0,18702.88,0
10894,810,France,Female,63,2,0.0,1,1,0,31561.47,0
10895,697,France,Male,20,9,0.0,2,0,0,93934.73,0
10896,539,Germany,Male,35,3,117473.36,2,1,1,138096.68,0
10897,540,Germany,Female,41,6,40194.81,3,1,0,137377.54,1
10898,718,Germany,Female,64,6,0.0,2,1,0,35450.48,1
10899,758,France,Male,55,7,0.0,2,1,1,66917.48,0
10900,661,Spain,Male,27,1,22521.43,2,0,0,20832.39,0
10901,766,France,Female,44,10,182412.89,1,1,1,78351.7,0
10902,771,France,Female,29,1,0.0,1,1,0,116666.27,0
10903,466,Germany,Male,24,3,122595.47,3,0,1,121646.32,1
10904,483,France,Male,34,9,197126.72,3,1,0,82363.58,1
10905,407,Germany,Male,18,8,176479.31,2,1,0,27942.41,0
10906,393,Spain,Male,67,9,0.0,1,0,0,66484.14,1
10907,522,France,Male,43,8,68519.75,2,1,1,140833.76,0
10908,509,Spain,Female,32,3,21115.13,3,0,0,45997.7,0
10909,522,Spain,Male,68,8,37669.37,1,1,1,58166.85,0
10910,666,France,Female,50,2,100098.98,2,1,1,115821.67,0
10911,652,Germany,Male,54,4,158645.94,2,0,1,114033.41,0
10912,498,Spain,Female,64,9,30030.73,2,1,0,138147.31,1
10913,429,France,Female,48,8,0.0,4,0,1,67396.02,1
10914,723,Spain,Male,52,5,64715.52,1,1,1,84470.83,0
10915,562,Germany,Male,18,2,0.0,2,1,0,78097.98,0
10916,552,France,Male,25,9,132383.55,2,1,1,140246.54,0
10917,601,Germany,Female,29,8,93399.88,1,0,1,118859.63,0
10918,578,France,Female,71,5,0.0,2,1,1,127244.64,0
10919,513,Germany,Male,74,3,31183.7,2,1,0,32968.27,1
10920,576,Spain,Male,36,3,157989.65,1,1,1,121899.3,0
10921,496,France,Male,42,7,0.0,1,1,0,73452.13,0
10922,369,France,Female,74,6,0.0,1,0,0,18150.72,1
10923,790,Germany,Male,49,0,131229.94,2,1,0,23111.93,0
10924,751,France,Male,29,5,170985.13,3,1,0,106517.57,0
10925,396,Spain,Male,30,7,0.0,1,1,1,65221.68,0
10926,582,France,Male,45,2,65438.32,1,1,1,132195.6,0
10927,654,Germany,Female,18,8,0.0,1,1,0,114126.87,0
10928,363,Spain,Male,68,9,0.0,2,0,0,17926.8,1
10929,492,Germany,Female,23,1,162231.25,3,0,0,107729.92,1
10930,764,France,Male,25,5,154727.33,2,0,1,40967.58,0
10931,350,Spain,Male,21,0,29058.34,2,0,1,72048.65,0
10932,722,Spain,Female,22,10,92765.95,2,1,0,99339.25,0
10933,403,France,Female,42,1,0.0,1,1,1,132816.91,0
10934,723,France,Female,39,4,67465.91,2,1,0,76573.21,0
10935,608,France,Male,45,0,126621.36,2,1,1,124146.21,0
10936,493,Spain,Male,56,7,10042.62,2,1,1,120700.36,0
10937,820,Spain,Female,40,0,0.0,2,1,0,70962.7,0
10938,790,France,Male,21,8,0.0,2,1,1,82632.32,0
10939,808,Spain,Male,69,9,0.0,2,1,0,109565.48,0
10940,361,France,Female,21,10,0.0,3,1,0,19205.04,0
10941,679,France,Female,64,2,56310.77,4,0,1,135259.54,1
10942,573,Germany,Female,38,1,168177.8,2,0,1,118925.18,0
10943,621,Germany,Female,54,0,10028.8,1,1,0,48671.14,1
10944,805,Spain,Female,73,8,79321.76,1,1,1,147459.29,0
10945,707,France,Male,58,3,0.0,2,1,1,39217.7,0
10946,809,Germany,Male,19,0,56960.07,1,1,0,138401.7,0
10947,757,France,Female,24,0,182350.87,1,1,0,58803.92,0
10948,505,France,Male,66,6,150185.68,1,1,1,118024.81,1
10949,722,France,Male,33,1,12784.63,2,1,1,76610.84,0
10950,357,Spain,Male,34,6,142937.49,2,1,0,114423.1,0
10951,471,Spain,Male,37,6,0.0,1,0,1,36030.71,0
10952,697,France,Female,40,9,180173.58,1,1,1,51383.37,0
10953,513,Spain,Male,51,8,62589.12,2,0,0,28480.81,0
10954,439,Germany,Male,28,6,114832.4,1,1,1,131794.44,0
10955,485,France,Male,51,0,100151.05,1,1,0,54999.55,0
10956,535,Spain,Female,50,7,97912.18,2,1,1,108754.29,0
10957,665,Germany,Male,43,7,91221.08,2,1,1,125729.86,0
10958,527,France,Female,19,3,41125.9,1,1,1,136691.46,0
10959,377,France,Female,40,7,0.0,2,1,0,29350.11,0
10960,569,Spain,Male,58,3,0.0,1,1,1,135557.02,0
10961,706,Spain,Male,39,7,191703.26,2,1,1,41629.12,0
10962,390,Germany,Male,51,4,0.0,1,1,0,114481.77,1
10963,577,France,Male,32,3,136548.77,1,1,0,113394.62,0
10964,541,Germany,Female,27,5,188143.42,2,0,1,16147.92,0
10965,760,France,Male,32,1,132691.66,2,0,1,44784.23,0
10966,796,France,Female,59,1,174254.58,1,1,0,81407.65,1
10967,494,Spain,Male,46,1,0.0,1,1,0,71704.69,0
10968,550,France,Male,74,8,72023.54,2,1,0,139007.42,1
10969,766,France,Female,40,9,0.0,2,1,0,63565.02,0
10970,561,France,Male,34,2,0.0,1,1,1,141492.8,0
10971,810,France,Male,26,9,0.0,2,1,0,77022.96,0
10972,569,France,Male,67,3,46084.39,1,1,0,145187.64,1
10973,589,Germany,Male,53,9,148747.36,2,1,1,114542.9,0
10974,762,France,Female,26,7,105611.68,1,1,0,126960.17,0
10975,746,Spain,Male,33,3,0.0,1,1,1,29158.38,0
10976,395,Germany,Female,53,10,53759.42,1,0,1,94129.09,0
10977,384,Germany,Female,65,9,199739.7,1,0,1,34264.55,1
10978,602,France,Male,68,9,0.0,1,1,1,55178.84,0
10979,739,Germany,Male,50,6,0.0,1,1,0,99181.33,0
10980,431,Spain,Male,72,4,0.0,1,1,0,113040.47,1
10981,720,Spain,Female,48,8,0.0,1,1,1,20289.81,0
10982,605,Spain,Male,23,3,0.0,2,1,1,86677.4,0
10983,546,Germany,Female,27,2,130985.55,1,1,0,91317.39,0
10984,652,France,Male,33,1,176021.33,2,1,0,25641.78,0
10985,758,Spain,Female,21,0,0.0,1,0,1,82592.88,0
10986,799,Spain,Male,71,10,0.0,1,0,0,111368.71,1
10987,359,Germany,Female,39,5,28556.97,2,1,0,22185.68,1
10988,661,Germany,Male,30,9,20225.04,3,1,0,117636.15,1
10989,635,France,Male,33,1,22442.31,1,1,1,92817.58,0
10990,591,Germany,Male,69,7,0.0,1,1,1,127485.67,0
10991,600,France,Male,46,5,156194.88,2,1,1,44438.45,0
10992,714,France,Female,23,4,0.0,3,1,0,127491.95,0
10993,354,France,Male,43,1,195579.2,4,1,0,27765.73,1
10994,468,France,Male,28,6,86884.03,1,1,0,69517.01,0
10995,638,Spain,Female,41,1,30089.71,1,0,1,41930.45,0
10996,723,France,Male,46,4,0.0,2,1,1,133262.81,0
10997,414,France,Male,20,1,135807.43,2,1,1,110164.18,0
10998,495,Germany,Female,69,10,0.0,2,1,0,18423.84,1
10999,573,Germany,Male,27,9,0.0,2,1,1,16285.65,0
11000,588,Germany,Female,18,10,0.0,2,1,1,54318.65,0
11001,526,Germany,Male,69,10,53468.94,1,1,0,34343.22,1
11002,616,Spain,Male,60,1,129183.31,1,1,0,100091.1,1
11003,690,France,Female,43,6,0.0,2,1,1,104612.59,0
11004,631,France,Female,29,8,9810.71,1,0,1,142163.37,0
11005,412,Spain,Male,31,4,0.0,1,1,0,143525.39,0
11006,566,France,Female,42,6,112456.5,1,1,1,103951.06,0
11007,691,Spain,Male,25,3,50419.73,1,1,1,15766.14,0
11008,664,France,Male,60,1,190977.94,1,1,0,63464.72,1
11009,632,France,Female,21,2,0.0,2,0,0,84274.1,0
11010,526,Spain,Male,45,1,66338.05,1,1,0,82389.27,0
11011,810,Spain,Male,24,4,0.0,2,1,0,96450.98,0
11012,766,Spain,Female,27,5,0.0,1,0,0,144674.45,0
11013,447,Spain,Female,68,6,166569.81,1,0,0,134501.01,1
11014,454,France,Male,74,2,0.0,3,0,1,29702.58,1
11015,448,France,Male,53,3,0.0,2,1,1,50907.35,0
11016,734,Germany,Female,19,7,46393.69,1,0,1,127469.77,0
11017,754,Spain,Female,43,3,24227.71,2,0,0,126281.43,0
11018,845,France,Female,70,6,1217.51,1,0,0,52175.05,1
11019,660,Germany,Male,67,5,0.0,4,1,0,113629.38,1
11020,355,France,Male,31,6,199661.39,1,1,1,105725.05,0
11021,825,France,Male,33,0,138993.05,1,1,0,78925.74,0
11022,814,France,Female,71,2,61678.92,2,1,0,42196.42,1
11023,546,Spain,Female,60,5,0.0,2,0,1,134966.83,0
11024,700,Spain,Female,59,2,156344.45,1,1,1,106509.91,0
11025,482,France,Female,34,6,3083.03,2,1,1,37814.04,0
11026,707,Germany,Male,63,8,0.0,1,0,0,110148.32,1
11027,608,France,Male,39,2,60105.35,3,1,0,115093.55,0
11028,786,France,Male,21,0,0.0,1,0,1,134728.84,0
11029,372,France,Male,36,9,0.0,3,0,1,45083.3,0
11030,834,France,Male,19,5,93715.96,1,1,0,148481.8,0
11031,402,France,Male,56,0,0.0,1,1,0,35708.11,1
11032,514,Spain,Female,26,0,57777.46,4,0,1,96093.0,0
11033,551,Germany,Female,36,7,34443.66,4,1,1,103718.83,1
11034,807,Spain,Male,33,8,152446.16,2,1,1,71558.64,0
11035,432,France,Male,71,1,198021.96,1,1,1,79130.09,1
11036,494,France,Male,42,8,0.0,2,1,1,135272.86,0
11037,434,France,Female,65,4,59187.39,2,1,0,102112.02,1
11038,427,France,Female,35,7,0.0,2,1,0,82095.13,0
11039,806,Germany,Female,40,6,0.0,2,1,1,32327.19,0
11040,715,France,Male,70,6,27339.01,1,0,1,15990.58,0
11041,350,Spain,Male,38,3,110266.11,2,1,1,31870.76,0
11042,400,Germany,Male,28,1,0.0,2,1,1,144084.92,0
11043,522,France,Female,56,4,0.0,1,0,1,118151.72,0
11044,554,Germany,Female,58,10,136042.67,2,1,1,145560.7,0
11045,609,Spain,Female,21,10,58466.66,2,0,0,19820.68,0
11046,795,Spain,Male,42,2,66062.2,2,1,0,106829.75,0
11047,798,Spain,Female,49,8,136302.91,1,0,0,20979.63,1
11048,718,France,Female,47,5,69889.53,2,1,1,120577.62,0
11049,837,France,Male,62,0,0.0,1,0,0,66428.27,1
11050,637,France,Male,43,2,0.0,2,0,1,27928.32,0
11051,383,France,Female,74,3,0.0,2,1,1,91686.3,1
11052,697,Spain,Male,53,8,0.0,2,1,1,52816.23,0
11053,444,France,Female,68,10,0.0,1,1,0,104042.48,1
11054,421,Germany,Female,51,5,0.0,2,0,0,103853.59,0
11055,388,Spain,Female,26,3,43950.06,3,1,0,110176.01,1
11056,503,France,Female,29,0,12954.44,1,1,0,148982.79,0
11057,599,France,Female,19,7,0.0,2,1,0,67204.19,0
11058,511,Germany,Female,55,10,42305.73,2,1,0,77817.59,1
11059,787,Germany,Male,22,1,78687.1,2,1,1,123622.58,0
11060,467,Spain,Male,22,10,0.0,1,1,0,93079.95,0
11061,608,France,Male,69,10,45253.92,1,1,0,20029.72,1
11062,728,France,Female,39,7,158580.46,3,1,1,128815.6,0
11063,655,France,Male,22,5,160879.29,1,1,1,21952.32,0
11064,617,France,Male,21,7,0.0,1,1,1,38060.72,0
11065,798,Germany,Male,26,5,67182.77,2,1,1,28780.8,0
11066,403,Spain,Female,46,4,26847.68,1,0,1,25520.16,0
11067,585,Spain,Female,39,4,0.0,2,1,1,18467.46,0
11068,738,Germany,Female,44,9,198434.34,2,1,1,22428.74,0
11069,827,Spain,Male,27,9,0.0,2,1,0,74729.29,0
11070,571,France,Female,33,10,108419.3,2,1,1,49135.06,0
11071,600,France,Female,59,7,0.0,1,1,0,32082.48,1
11072,662,Germany,Male,59,6,168015.43,1,1,1,103925.25,1
11073,750,France,Female,68,7,161342.95,2,1,0,45525.11,1
11074,461,Germany,Male,27,7,3307.89,1,1,1,17558.14,0
11075,604,Germany,Female,23,6,0.0,4,1,1,71486.67,0
11076,652,France,Male,66,1,130981.06,2,1,0,56908.45,0
11077,756,Spain,Male,22,10,75151.87,1,1,1,58011.6,0
11078,556,Germany,Female,23,8,196496.53,2,1,0,75111.45,0
11079,578,Spain,Male,73,6,133080.96,1,1,0,105303.38,1
11080,690,Germany,Male,64,10,191309.78,1,1,0,98224.68,1
11081,747,Germany,Female,42,5,40289.3,2,0,1,141530.32,0
11082,415,France,Male,68,8,172791.41,2,1,1,84891.75,1
11083,424,France,Female,67,0,0.0,2,1,1,78796.94,1
11084,784,Germany,Male,21,10,197912.96,1,0,1,43810.95,0
11085,452,Spain,Female,57,1,31537.73,1,1,1,116976.47,0
11086,771,France,Female,65,0,103267.96,1,0,1,34004.73,0
11087,541,France,Male,49,9,158568.91,1,1,0,81302.94,0
11088,601,Spain,Female,73,2,0.0,1,1,0,71878.5,1
11089,575,Germany,Female,68,10,93616.81,2,1,0,103870.62,1
11090,643,Germany,Female,69,4,197271.16,3,1,1,138878.9,1
11091,655,Spain,Female,52,0,85061.63,1,1,0,142790.4,0
11092,447,France,Female,27,3,0.0,1,1,0,37652.9,0
11093,687,France,Male,51,7,0.0,2,0,1,50345.32,0
11094,635,Germany,Male,53,5,168442.02,2,0,0,124570.77,1
11095,684,France,Female,23,0,129633.61,3,1,1,84967.77,0
11096,696,France,Male,60,0,0.0,1,1,0,76159.67,1
11097,784,France,Male,63,2,0.0,1,0,0,110934.44,1
11098,796,Spain,Male,33,9,118333.76,2,1,0,96259.87,0
11099,831,Germany,Male,70,7,2531.57,2,1,0,146046.4,1
11100,657,France,Male,36,10,240.72,1,1,1,93836.58,0
11101,598,France,Female,51,10,123219.71,2,1,0,77906.47,1
11102,515,Spain,Female,42,7,37803.41,1,1,0,88280.34,1
11103,830,Germany,Male,48,2,38377.51,1,1,1,124152.88,0
11104,821,France,Female,66,6,130654.31,2,1,1,97711.13,0
11105,684,France,Female,58,2,0.0,1,1,1,102351.49,0
11106,379,France,Male,34,3,0.0,2,1,1,146144.25,0
11107,596,Germany,Male,64,8,0.0,1,0,1,98483.39,0
11108,455,France,Female,47,3,0.0,1,0,0,66338.51,0
11109,400,France,Female,56,2,0.0,1,0,1,108329.01,0
11110,430,Spain,Female,71,4,144227.17,1,1,1,104027.02,1
11111,482,Germany,Female,72,6,0.0,1,1,0,16869.43,1
11112,634,France,Female,48,4,17849.95,2,1,0,78089.46,0
11113,737,Germany,Male,36,3,15736.73,2,1,0,115291.99,0
11114,487,France,Female,52,7,0.0,1,1,0,82370.6,0
11115,533,Spain,Male,46,3,0.0,1,1,0,120248.85,0
11116,750,France,Female,18,1,43545.81,4,1,0,75869.3,0
11117,679,Spain,Female,21,9,0.0,1,0,1,147748.42,0
11118,622,France,Male,45,5,20177.76,1,1,1,54540.36,0
11119,689,Germany,Male,35,1,121114.05,1,1,1,27436.55,0
11120,821,Spain,Male,43,2,135974.57,2,1,1,73051.59,0
11121,418,Spain,Male,57,0,128586.24,1,1,0,88130.72,1
11122,383,Germany,Female,36,4,172226.05,2,0,1,62127.65,0
11123,611,Germany,Male,72,8,97285.17,1,1,1,47707.96,1
11124,402,France,Female,72,1,26891.41,1,1,0,105727.92,1
11125,799,France,Male,74,6,0.0,1,0,0,65911.89,1
11126,554,Germany,Female,23,4,132485.99,2,1,0,100234.75,0
11127,475,France,Female,18,1,0.0,2,1,0,120174.65,0
11128,584,Spain,Female,25,7,106200.63,1,1,0,117735.35,0
11129,392,Germany,Male,50,10,0.0,1,1,0,65666.76,1
11130,589,France,Female,68,5,0.0,2,1,0,91666.26,1
11131,808,Spain,Male,60,3,176264.98,2,0,0,75703.86,0
11132,720,France,Male,38,3,0.0,1,1,1,132558.71,0
11133,460,Spain,Male,41,1,0.0,2,1,0,133632.39,0
11134,598,France,Male,42,2,49741.43,1,1,0,61405.11,0
11135,500,France,Female,64,6,135636.52,1,0,1,27384.56,0
11136,532,Spain,Male,72,2,180438.82,1,1,1,37623.64,1
11137,685,Germany,Female,74,4,0.0,2,1,0,64545.24,1
11138,444,Germany,Female,60,9,0.0,1,1,1,91173.74,1
11139,808,Spain,Male,36,5,144957.86,2,0,0,103666.25,0
11140,723,France,Female,46,5,0.0,2,0,0,59735.09,0
11141,749,Spain,Male,70,3,116301.66,2,0,0,105112.38,1
11142,357,France,Male,27,5,26037.87,1,1,1,141594.9,0
11143,737,Germany,Male,73,2,193463.83,1,0,0,103021.91,1
11144,709,Germany,Female,29,6,162281.5,4,1,1,36406.31,1
11145,737,Spain,Female,50,6,21944.76,2,1,0,93255.3,0
11146,533,Germany,Male,73,3,0.0,2,1,1,88155.89,1
11147,630,France,Male,24,1,0.0,1,1,0,132544.51,0
11148,544,Spain,Female,34,10,0.0,1,1,0,62290.91,0
11149,701,France,Male,27,6,6981.17,2,1,1,72097.66,0
11150,544,Germany,Female,48,2,108328.3,1,1,1,95818.97,1
11151,504,France,Female,23,0,0.0,2,0,0,85797.42,0
11152,442,Spain,Male,34,1,0.0,1,0,1,112067.24,0
11153,509,Germany,Female,67,9,0.0,1,1,1,20452.51,1
11154,783,France,Male,54,8,183015.35,1,1,0,91074.66,1
11155,410,France,Female,35,7,151318.79,1,0,1,31425.71,0
11156,471,Germany,Female,43,5,164484.46,1,1,1,57553.21,1
11157,400,France,Male,66,5,0.0,2,1,0,104319.63,1
11158,752,France,Male,71,0,0.0,1,0,0,36250.92,1
11159,626,France,Female,33,1,41705.51,1,1,1,56693.65,0
11160,354,France,Female,25,3,153012.69,2,0,0,109905.88,0
11161,815,Germany,Male,41,2,189583.42,1,1,0,102858.71,0
11162,441,Spain,Female,30,0,143367.44,1,1,0,27290.36,0
11163,519,France,Male,46,7,0.0,2,1,1,92931.25,0
11164,666,France,Male,49,6,127739.82,3,1,0,34879.35,1
11165,371,France,Female,41,3,0.0,1,1,1,49056.64,0
11166,754,France,Male,33,8,85152.32,1,1,0,76993.52,0
11167,675,France,Female,28,10,15064.29,2,1,0,29761.82,0
11168,350,France,Male,49,3,6291.44,1,1,1,149142.34,0
11169,482,France,Female,23,0,0.0,2,1,1,37324.89,0
11170,582,Spain,Male,52,9,87685.78,4,1,0,120477.2,1
11171,361,France,Female,50,0,110443.01,3,1,0,127028.24,1
11172,695,Spain,Female,35,0,111532.25,1,0,0,149252.64,0
11173,395,Spain,Male,54,0,0.0,1,0,1,72868.18,0
11174,383,Spain,Male,30,3,95178.5,3,1,0,133002.76,0
11175,782,Spain,Male,27,0,94152.04,1,0,1,144267.82,0
11176,427,Spain,Male,54,1,77685.44,1,1,1,38340.71,0
11177,567,Germany,Female,43,3,164135.08,2,1,0,79723.87,1
11178,650,Spain,Male,63,6,0.0,1,1,0,23101.46,1
11179,760,Spain,Female,34,1,120728.9,1,1,0,98797.74,0
11180,422,Germany,Male,18,7,179104.02,2,1,0,93489.83,0
11181,631,Spain,Male,42,6,173246.72,1,1,1,42557.05,0
11182,598,France,Male,51,8,178084.44,1,0,1,122716.87,0
11183,396,France,Male,56,5,0.0,1,1,1,20031.28,0
11184,470,France,Male,27,3,6996.5,2,0,0,123840.69,0
11185,563,Germany,Female,37,5,52213.36,1,1,1,18597.11,0
11186,588,Spain,Female,24,3,55741.47,1,1,0,103671.89,0
11187,405,Germany,Female,73,6,0.0,2,1,0,25633.88,1
11188,699,Spain,Male,33,8,129848.55,2,1,1,48915.45,0
11189,456,France,Male,54,2,0.0,1,0,1,112458.3,0
11190,668,France,Male,46,2,0.0,2,1,0,52854.65,0
11191,397,Spain,Male,29,1,0.0,1,0,1,84008.47,0
11192,410,Spain,Male,34,0,126084.35,2,1,1,138558.52,0
11193,686,Germany,Male,65,0,147082.81,1,1,1,21700.64,0
11194,375,France,Male,37,2,0.0,1,1,0,124495.77,0
11195,641,Spain,Male,43,6,188127.31,2,1,1,23811.72,0
11196,606,Spain,Male,65,10,40340.91,1,1,1,32117.3,0
11197,357,Spain,Male,36,8,61954.5,1,0,1,31108.08,0
11198,462,Spain,Male,64,1,48064.58,1,1,1,149203.81,0
11199,704,Germany,Male,29,6,71752.31,2,1,1,39325.15,0
11200,602,France,Male,38,0,0.0,1,1,0,136062.85,0
11201,529,Spain,Male,59,1,115022.51,1,1,0,148775.84,1
11202,556,Spain,Male,71,5,0.0,1,1,0,66810.94,1
11203,652,Germany,Male,51,10,0.0,1,1,0,100191.55,0
11204,476,Germany,Male,24,4,5771.58,1,0,0,120177.32,0
11205,405,France,Male,62,7,0.0,1,1,1,68007.09,0
11206,563,France,Male,52,10,107584.61,1,1,0,36844.91,0
11207,363,Germany,Female,32,1,143757.81,1,1,1,73557.97,0
11208,823,Spain,Male,18,0,43066.11,2,1,1,119204.83,0
11209,377,Germany,Male,43,6,144381.91,2,1,0,120402.97,1
11210,820,France,Female,52,5,162133.15,2,0,1,46122.74,0
11211,427,Spain,Male,42,7,0.0,1,1,0,38620.36,0
11212,565,Germany,Male,59,10,149283.85,3,0,1,139275.69,1
11213,735,Germany,Female,32,7,0.0,1,1,1,20939.87,0
11214,714,France,Female,39,1,135670.13,4,1,0,114189.69,1
11215,503,Spain,Male,23,7,0.0,1,1,0,21266.89,0
11216,363,Spain,Male,69,5,0.0,1,1,0,128116.51,1
11217,536,France,Male,32,8,69079.33,1,0,1,137231.0,0
11218,661,Spain,Male,41,6,0.0,1,1,1,55151.58,0
11219,720,Spain,Female,38,1,33124.01,2,0,0,24981.31,0
11220,356,Germany,Male,24,7,0.0,2,0,1,79892.41,0
11221,352,France,Male,74,8,138679.0,4,1,0,55292.51,1
11222,460,France,Female,46,6,0.0,2,0,0,71313.38,0
11223,756,France,Female,49,3,78920.99,1,1,1,104773.04,0
11224,587,France,Male,49,8,35968.89,1,1,0,43326.51,0
11225,712,France,Female,70,3,57019.9,4,1,1,63188.46,1
11226,588,Germany,Male,22,3,91010.34,2,1,1,120645.94,0
11227,842,France,Female,21,8,58130.07,2,1,1,101907.86,0
11228,623,Germany,Male,39,7,0.0,1,1,0,59047.19,0
11229,643,Germany,Male,35,3,147196.9,2,1,0,104680.72,0
11230,576,Spain,Male,52,7,1568.98,3,0,0,118317.24,1
11231,720,Germany,Male,34,7,107846.11,1,1,1,94985.55,0
11232,364,Germany,Male,67,6,158753.36,1,1,1,47332.07,1
11233,541,Spain,Female,67,9,53245.66,1,1,0,15033.11,1
11234,822,France,Female,73,5,120658.3,2,0,1,123384.63,0
11235,468,France,Male,41,7,0.0,1,0,0,126055.53,0
11236,834,Spain,Male,19,6,131004.94,1,1,0,109176.61,0
11237,377,Germany,Male,30,4,89169.93,1,1,0,25338.43,0
11238,551,France,Female,71,3,69315.6,2,1,0,94005.01,1
11239,388,Germany,Female,32,1,167184.81,1,1,0,125837.79,0
11240,790,Spain,Female,22,10,151689.19,1,1,0,67605.22,0
11241,622,France,Female,20,7,64251.03,3,1,1,41730.1,0
11242,580,Germany,Male,54,8,0.0,3,0,1,94329.69,1
11243,435,Spain,Male,54,3,14361.51,1,1,0,126551.39,1
11244,823,France,Female,54,3,18855.2,2,0,1,21597.44,0
11245,475,Spain,Female,20,4,116573.87,2,1,1,95588.41,0
11246,649,France,Male,52,1,0.0,1,1,0,101828.46,0
11247,374,Spain,Male,69,6,0.0,1,1,1,96319.55,1
11248,494,France,Female,40,4,0.0,1,1,1,102754.55,0
11249,362,France,Male,45,5,58869.63,1,0,1,100235.67,0
11250,561,Germany,Male,47,3,152661.62,1,1,1,32604.52,0
11251,374,Spain,Female,35,7,149093.41,2,1,1,46716.46,0
11252,417,France,Male,69,7,49165.43,1,1,0,98564.19,1
11253,743,France,Male,53,4,145764.44,2,1,1,17388.58,0
11254,416,Germany,Female,50,5,0.0,1,1,0,100690.51,1
11255,582,France,Female,43,2,79490.79,2,0,1,104827.19,0
11256,458,France,Female,65,0,42084.1,1,1,0,47288.59,1
11257,495,France,Male,57,8,104254.16,2,0,0,95747.93,1
11258,460,France,Male,34,8,184279.52,2,1,1,87102.16,0
11259,577,Germany,Female,57,2,0.0,2,1,0,50193.36,0
11260,460,Spain,Male,24,3,0.0,1,1,1,77501.49,0
11261,819,France,Male,74,6,136551.38,2,1,0,137799.31,1
11262,383,Spain,Female,25,1,85440.61,3,0,1,72591.38,0
11263,460,France,Male,70,2,118305.76,2,1,0,100028.96,1
11264,613,Germany,Male,73,5,146812.81,1,0,0,19772.36,1
11265,773,Germany,Male,48,10,0.0,2,0,0,25503.02,0
11266,718,France,Male,29,7,162796.79,1,1,1,25976.59,0
11267,585,Germany,Male,65,0,144431.12,2,0,1,120062.5,1
11268,432,Germany,Male,48,3,123014.67,2,0,1,62284.68,0
11269,391,France,Female,61,0,30158.56,1,1,1,45727.58,0
11270,774,France,Female,36,1,167189.82,1,1,1,115888.82,0
11271,450,France,Male,27,7,0.0,1,0,1,37944.61,0
11272,355,Germany,Male,56,5,27393.02,3,1,0,48276.49,1
11273,529,Germany,Male,29,8,97648.23,1,1,0,73175.74,0
11274,631,Germany,Male,37,1,51777.75,1,1,0,59744.14,0
11275,669,Germany,Female,54,2,150904.66,3,1,0,94027.95,1
11276,575,Spain,Female,65,8,144325.93,1,1,1,60608.48,1
11277,792,Germany,Female,58,8,0.0,1,1,1,68048.47,0
11278,789,Germany,Male,24,5,175405.45,2,1,1,131489.69,0
11279,664,France,Male,69,2,0.0,1,0,1,134411.74,0
11280,714,Spain,Male,71,4,159451.81,1,1,1,126741.01,1
11281,803,Germany,Male,31,1,91396.07,1,1,1,131752.18,0
11282,578,France,Female,28,6,0.0,2,1,0,91913.37,0
11283,726,Germany,Female,24,9,0.0,3,0,0,102241.48,0
11284,638,France,Male,46,10,0.0,1,1,0,90218.38,0
11285,786,Spain,Female,27,7,132378.11,1,1,0,121054.39,0
11286,499,Germany,Male,46,5,0.0,1,1,1,89385.07,0
11287,626,France,Male,26,7,24417.08,2,1,1,29995.39,0
11288,547,France,Female,53,1,22539.57,1,1,0,124293.32,1
11289,419,France,Male,65,2,14462.11,2,0,1,117679.0,1
11290,461,Germany,Male,27,6,148753.47,1,1,1,125740.58,0
11291,353,France,Female,36,9,142376.42,3,1,0,40707.98,1
11292,699,Germany,Female,73,0,11686.2,2,0,0,51668.3,1
11293,680,France,Male,48,6,112054.02,2,1,1,54926.48,0
11294,795,Germany,Male,34,5,16935.23,1,1,1,83590.87,0
11295,667,Germany,Female,26,7,180749.15,2,1,0,33073.41,0
11296,699,France,Female,62,6,181423.48,1,1,0,67026.54,1
11297,444,Spain,Female,50,3,0.0,1,0,0,39591.35,1
11298,501,France,Male,51,2,0.0,1,0,0,50742.97,0
11299,660,Spain,Female,62,2,162290.61,2,0,1,110362.33,1
11300,486,France,Male,41,3,165707.72,2,1,0,130399.51,0
11301,596,France,Female,26,8,113941.57,2,1,0,18092.29,0
11302,736,France,Male,24,8,61211.84,2,1,0,91396.09,0
11303,592,France,Female,33,1,43559.82,1,1,1,19868.07,0
11304,380,France,Male,36,4,0.0,2,0,0,26508.65,0
11305,389,Spain,Male,56,0,125699.09,2,0,0,110186.34,1
11306,578,Germany,Male,23,3,34531.31,2,1,1,114307.09,0
11307,385,France,Male,67,1,51728.05,1,0,0,124887.39,1
11308,757,Spain,Female,68,7,93612.17,3,0,0,79022.6,1
11309,572,France,Female,28,3,46610.02,2,1,0,131074.01,0
11310,355,Germany,Female,29,4,0.0,2,1,1,37523.17,0
11311,671,Germany,Male,59,10,0.0,1,1,1,48711.72,0
11312,817,Germany,Female,30,3,0.0,2,1,0,33157.79,0
11313,569,Germany,Female,29,4,133285.32,2,1,0,122667.53,0
11314,424,France,Male,38,4,116544.3,1,1,0,45871.14,0
11315,353,Germany,Male,27,4,97589.58,1,0,1,35994.02,0
11316,684,Germany,Female,37,10,37312.77,1,1,1,99119.94,0
11317,483,France,Female,67,2,178942.09,2,0,1,25406.07,1
11318,467,Germany,Female,53,6,0.0,1,0,1,21061.54,1
11319,718,France,Male,45,2,0.0,1,0,1,29406.88,0
11320,443,Spain,Male,41,1,150003.04,2,1,1,15032.52,0
11321,835,France,Male,22,2,0.0,2,1,1,109093.67,0
11322,784,France,Female,54,10,74379.2,1,1,0,90901.77,0
11323,411,Spain,Female,29,2,0.0,1,1,0,43333.14,0
11324,790,Spain,Male,52,7,0.0,2,1,1,46455.67,0
11325,543,France,Female,57,3,34640.73,2,1,1,124480.76,0
11326,684,France,Male,71,2,0.0,1,1,1,82745.72,0
11327,552,Germany,Female,19,9,131331.39,3,1,0,109301.33,1
11328,741,France,Male,67,4,167401.56,1,1,1,76121.99,0
11329,375,France,Male,58,3,74663.08,3,1,0,47091.93,1
11330,784,Germany,Male,62,8,174915.3,1,1,1,146004.38,0
11331,522,Germany,Male,56,7,0.0,1,0,0,91362.42,1
11332,649,France,Male,59,10,0.0,1,1,0,32682.56,0
11333,482,Germany,Female,26,6,30147.4,1,1,0,69822.16,0
11334,675,Germany,Female,39,7,0.0,2,1,1,59460.55,0
11335,759,Germany,Female,64,4,83973.92,2,1,1,43901.81,0
11336,467,Spain,Male,22,3,0.0,2,1,0,141014.4,0
11337,673,France,Female,29,6,0.0,1,1,0,133924.2,0
11338,624,France,Male,18,0,0.0,1,1,1,41884.86,0
11339,561,France,Female,61,5,125526.07,1,1,0,62539.97,1
11340,574,Spain,Male,39,7,187050.06,1,1,1,117912.58,0
11341,369,France,Female,55,6,59812.86,2,1,1,43148.32,0
11342,462,Spain,Female,68,1,71832.79,1,0,0,94861.26,1
11343,489,France,Male,36,6,0.0,2,1,1,109472.18,0
11344,396,France,Male,33,5,122261.1,2,0,0,103286.26,0
11345,350,Germany,Male,48,4,0.0,1,1,1,110365.17,1
11346,439,France,Male,68,3,0.0,2,0,0,110404.44,1
11347,491,France,Female,20,0,93567.6,1,1,1,145248.8,0
11348,669,Germany,Female,40,1,83877.97,1,0,1,61777.35,0
11349,387,France,Male,59,6,0.0,2,0,1,133609.71,0
11350,642,Spain,Female,35,9,0.0,1,1,0,17943.95,0
11351,731,Germany,Female,43,2,152463.75,1,1,0,53907.4,0
11352,488,France,Female,30,4,96271.17,2,0,1,21568.53,0
11353,705,Germany,Male,35,7,136012.21,1,1,1,102912.53,0
11354,682,Spain,Male,20,7,179456.53,2,1,0,28606.7,0
11355,840,France,Male,40,5,27234.83,1,0,0,129170.43,0
11356,608,France,Female,20,4,50074.61,1,1,0,102289.88,0
11357,510,France,Male,72,1,0.0,2,1,1,18890.08,0
11358,739,Germany,Male,42,8,0.0,2,1,0,111494.94,0
11359,527,France,Female,44,0,0.0,1,1,0,131374.72,0
11360,359,Spain,Female,61,10,196803.63,1,1,0,104251.34,1
11361,610,Spain,Female,44,1,90981.32,2,0,0,19120.77,0
11362,756,Spain,Male,69,0,0.0,1,1,0,130819.14,0
11363,487,France,Male,56,3,58544.89,2,0,1,113882.63,0
11364,521,France,Female,42,3,34871.34,2,1,0,66090.93,0
11365,735,Spain,Male,41,4,0.0,2,0,1,59365.08,0
11366,362,France,Male,25,4,191082.83,2,1,0,79775.72,0
11367,517,France,Male,26,7,82728.95,2,1,0,132058.74,0
11368,479,France,Male,63,10,0.0,2,1,0,49028.01,0
11369,433,France,Male,54,10,0.0,2,1,1,28630.11,0
11370,670,Germany,Female,47,2,96210.23,2,1,1,131725.91,0
11371,668,France,Female,70,5,134805.24,1,1,0,18549.13,1
11372,450,France,Female,36,2,86996.84,1,1,0,137984.6,0
11373,678,France,Male,70,1,111744.68,2,0,1,56275.6,0
11374,622,Spain,Male,33,7,0.0,2,0,1,83610.06,0
11375,614,Spain,Male,41,0,139252.7,1,1,0,32859.9,0
11376,808,France,Female,61,8,0.0,1,1,1,136804.42,0
11377,748,Germany,Male,38,10,0.0,3,0,0,116227.89,0
11378,757,Spain,Female,53,6,164989.39,2,0,0,139761.0,0
11379,387,Germany,Female,57,9,0.0,1,0,0,107235.92,1
11380,768,Germany,Male,56,10,0.0,2,1,0,39933.66,0
11381,443,France,Male,64,3,0.0,4,1,1,56616.05,1
11382,444,France,Female,23,2,119332.58,2,1,0,80724.56,0
11383,654,France,Female,22,5,0.0,2,0,1,96979.86,0
11384,418,France,Male,31,8,0.0,1,0,1,140072.02,0
11385,667,Germany,Male,70,8,0.0,2,1,0,66833.45,1
11386,793,France,Female,62,3,0.0,2,1,0,109914.72,0
11387,585,France,Male,59,9,0.0,2,1,1,144736.19,0
11388,783,Germany,Male,67,4,20230.21,1,0,0,35570.5,1
11389,683,Spain,Male,21,10,0.0,1,1,0,131465.79,0
11390,722,France,Male,25,8,192286.26,1,1,0,71795.32,0
11391,725,France,Male,41,1,85393.24,1,1,0,113876.94,0
11392,808,France,Male,28,1,0.0,2,1,1,54627.68,0
11393,486,Germany,Male,34,4,29369.63,3,0,1,60087.87,0
11394,767,France,Male,67,0,110206.27,2,1,0,18662.99,1
11395,425,France,Female,38,7,28930.98,2,1,1,146139.56,0
11396,832,Spain,Female,74,4,0.0,1,1,1,124816.1,1
11397,384,France,Female,43,9,0.0,2,1,0,27678.92,0
11398,350,Spain,Female,60,1,39139.71,2,0,0,149933.69,1
11399,645,France,Male,65,8,0.0,2,1,1,96678.32,1
11400,669,France,Male,61,1,0.0,2,1,1,130253.37,0
11401,755,Germany,Female,62,6,75099.45,2,1,0,23999.2,1
11402,409,Spain,Male,44,7,22149.7,2,0,0,67575.91,0
11403,669,France,Male,33,5,70495.09,1,0,0,105402.9,0
11404,698,Spain,Female,72,10,34707.38,2,0,0,29368.55,1
11405,677,Germany,Male,43,6,0.0,3,0,1,81001.88,0
11406,616,Spain,Male,70,10,83504.56,1,1,0,74761.51,1
11407,710,France,Female,50,0,0.0,2,0,0,44165.43,0
11408,578,Germany,Female,48,3,0.0,2,1,1,55536.43,0
11409,619,France,Male,65,6,183770.41,2,0,1,145560.98,0
11410,665,France,Female,64,0,80119.07,2,1,0,53967.55,0
11411,635,France,Female,23,0,0.0,2,1,0,43812.53,0
11412,640,France,Female,61,10,0.0,1,1,1,87388.24,0
11413,562,Germany,Male,25,5,0.0,1,1,1,105579.33,0
11414,514,France,Male,24,3,0.0,2,1,0,112887.57,0
11415,354,France,Female,51,2,91002.21,2,1,0,116823.37,1
11416,688,Germany,Female,61,4,0.0,2,1,0,19972.39,1
11417,728,France,Female,70,8,89945.46,1,1,1,68157.65,1
11418,427,France,Male,31,9,55698.4,1,1,0,119484.34,0
11419,759,France,Male,33,9,0.0,3,0,0,137155.03,0
11420,411,France,Female,60,10,176814.02,1,1,0,96297.02,1
11421,481,France,Male,69,9,0.0,2,0,0,22061.43,1
11422,438,Spain,Male,26,2,0.0,2,1,1,68547.18,0
11423,586,France,Male,27,4,0.0,2,1,0,25020.66,0
11424,391,France,Male,34,9,82155.42,1,1,0,116052.61,0
11425,438,Germany,Female,29,4,175369.6,2,1,1,23573.24,0
11426,751,Spain,Female,23,8,105502.9,2,1,1,40073.69,0
11427,645,France,Male,36,10,66843.06,1,1,0,71289.39,0
11428,677,Spain,Male,60,9,41577.67,1,1,1,77457.53,0
11429,644,France,Female,58,10,160064.97,1,1,0,69875.03,1
11430,453,France,Male,70,3,124903.6,1,1,1,77558.55,1
11431,363,Spain,Female,46,0,0.0,2,1,1,111287.29,0
11432,637,France,Female,23,9,43496.87,2,0,1,64851.29,0
11433,528,Germany,Male,42,4,0.0,4,1,1,88946.31,1
11434,474,France,Female,74,0,0.0,2,1,0,55954.85,1
11435,771,Germany,Male,41,5,0.0,2,1,1,62739.71,0
11436,702,France,Female,42,9,80139.86,1,1,0,97862.86,0
11437,372,Germany,Male,33,9,104284.41,2,1,0,81216.78,1
11438,412,Spain,Female,69,6,155797.7,2,1,1,112609.9,1
11439,492,Germany,Male,33,0,68021.79,3,1,1,90672.71,0
11440,830,France,Male,23,9,35741.22,2,0,1,123482.5,0
11441,502,Spain,Female,54,3,116987.22,3,0,0,74860.11,1
11442,494,Spain,Male,38,8,133040.82,2,0,0,81289.54,0
11443,574,Spain,Male,21,0,142543.6,2,0,0,105446.13,0
11444,844,Spain,Male,51,8,176397.52,1,0,1,44867.93,0
11445,799,Spain,Female,45,7,74234.82,2,0,0,67100.49,0
11446,811,France,Male,55,4,0.0,2,0,0,99353.57,0
11447,658,France,Male,58,5,191669.72,1,1,0,18898.3,1
11448,453,France,Female,45,6,0.0,1,0,1,73991.14,0
11449,453,France,Male,34,3,124651.5,2,1,0,95844.74,0
11450,784,Germany,Female,31,5,0.0,1,1,1,145595.7,0
11451,388,Spain,Female,24,6,109302.74,1,1,0,133397.24,0
11452,784,Germany,Female,39,10,41051.51,2,1,0,52900.16,0
11453,547,France,Female,68,5,151028.61,3,1,0,83473.36,1
11454,483,Germany,Female,18,10,0.0,2,1,1,22615.94,0
11455,416,Germany,Male,46,5,0.0,1,0,0,47501.85,1
11456,740,Spain,Female,69,1,97712.23,1,1,0,119605.54,1
11457,528,Spain,Male,48,4,0.0,1,1,1,31647.39,0
11458,805,France,Male,47,2,16790.33,1,1,0,49788.22,0
11459,391,Germany,Female,74,6,0.0,1,1,1,142445.74,1
11460,797,Spain,Male,32,3,0.0,4,1,0,126220.53,1
11461,849,France,Female,35,0,0.0,2,0,0,120546.74,0
11462,364,France,Male,52,5,0.0,1,0,0,131715.26,1
11463,460,Germany,Female,67,5,0.0,1,1,0,116196.77,1
11464,506,Germany,Male,47,6,103529.62,2,1,1,31279.14,0
11465,638,Germany,Female,51,10,33473.51,2,0,1,84735.78,0
11466,849,Spain,Female,59,7,0.0,1,1,1,74972.93,0
11467,827,France,Female,28,2,75008.14,3,0,1,57005.46,0
11468,580,France,Male,44,5,0.0,1,1,0,127595.46,0
11469,760,France,Male,41,9,98759.78,1,1,0,77658.79,0
11470,769,France,Male,52,1,174799.6,1,1,1,23140.18,0
11471,506,France,Female,56,8,0.0,2,0,1,52120.35,0
11472,387,France,Female,25,1,2193.18,1,1,0,45863.84,0
11473,790,France,Male,68,2,177259.15,1,1,1,134809.65,0
11474,446,Germany,Female,35,9,54296.84,1,0,0,102404.14,1
11475,834,France,Female,30,1,0.0,2,0,1,90650.8,0
11476,760,Germany,Male,62,8,169558.05,1,1,1,83397.65,0
11477,788,Spain,Female,41,0,172773.35,1,1,1,102765.26,0
11478,638,France,Female,68,4,119246.22,1,0,0,116908.2,1
11479,603,France,Male,40,0,0.0,1,1,1,89841.94,0
11480,545,France,Male,29,4,162624.05,2,1,1,141668.53,0
11481,435,France,Male,66,7,157261.91,1,0,0,146872.61,1
11482,671,Spain,Female,47,7,178021.09,1,1,0,149371.21,0
11483,359,France,Female,48,10,0.0,2,0,1,105367.8,0
11484,354,France,Female,45,7,193529.42,1,0,0,140903.76,1
11485,472,France,Male,39,1,0.0,1,0,0,69604.76,0
11486,679,Germany,Male,61,7,23308.92,1,1,0,131044.97,1
11487,702,Germany,Male,45,4,169908.75,3,1,1,137738.53,1
11488,467,Spain,Male,30,0,99964.45,2,0,1,137058.96,0
11489,643,France,Female,42,6,77513.27,2,1,1,127164.25,0
11490,746,Germany,Female,61,5,122614.46,2,1,0,69890.89,1
11491,508,Germany,Female,68,4,11193.11,4,0,1,36452.51,1
11492,652,Spain,Female,63,0,101292.22,2,1,1,60084.11,0
11493,577,Germany,Male,24,0,174178.11,2,1,1,118583.96,0
11494,714,France,Male,62,5,0.0,1,1,0,46439.54,0
11495,565,Germany,Male,23,9,85277.98,1,1,1,79566.73,0
11496,785,Germany,Female,41,6,0.0,2,1,0,91328.93,0
11497,533,France,Female,36,9,0.0,4,1,0,96520.91,1
11498,364,France,Male,36,9,71673.53,1,0,1,141322.95,0
11499,506,Germany,Male,53,0,88107.33,2,1,1,104301.56,0
11500,485,France,Male,68,8,0.0,1,1,0,121150.34,1
11501,610,Spain,Male,26,3,126398.27,1,0,1,93553.58,0
11502,506,Germany,Male,65,4,160138.56,1,1,0,127533.34,1
11503,396,Spain,Male,53,1,90420.44,2,1,1,50594.59,0
11504,673,France,Male,55,9,0.0,1,1,0,43333.49,1
11505,681,Spain,Female,57,7,106744.13,2,0,0,140053.21,1
11506,522,France,Female,46,1,67696.1,2,1,1,108619.92,0
11507,479,Spain,Male,41,2,131590.17,2,1,1,105655.95,0
11508,760,France,Male,65,8,143544.45,1,0,1,78084.86,0
11509,444,Spain,Male,22,1,111609.8,2,0,1,65854.13,0
11510,464,Spain,Male,70,5,0.0,1,1,1,90018.31,0
11511,592,Spain,Male,71,3,33976.58,1,0,1,31276.46,1
11512,769,Spain,Male,59,6,57059.54,2,0,0,76386.2,0
11513,641,Spain,Female,72,5,56525.12,1,1,0,76474.64,1
11514,631,Spain,Female,62,9,134684.16,1,1,0,87675.43,1
11515,648,France,Male,43,8,0.0,1,1,0,100682.56,0
11516,632,Spain,Female,31,8,151136.36,2,1,1,144237.98,0
11517,418,France,Male,56,9,53068.49,1,1,0,103042.83,0
11518,497,Germany,Male,46,3,62004.37,2,1,0,134302.9,0
11519,360,France,Female,69,0,105581.97,2,0,0,90101.02,1
11520,603,France,Female,23,1,0.0,2,1,1,99635.26,0
11521,679,Spain,Female,24,7,0.0,2,1,0,24427.99,0
11522,709,France,Female,54,9,17073.76,1,1,0,32990.6,0
11523,387,France,Female,70,7,88876.47,1,1,1,93255.51,1
11524,483,Spain,Female,35,1,169884.45,1,0,1,68421.24,0
11525,549,Spain,Female,40,3,123168.78,1,1,0,122839.42,0
11526,372,Spain,Male,61,0,0.0,2,1,1,88329.01,1
11527,652,France,Female,55,6,84152.04,1,1,0,134109.29,0
11528,695,Spain,Female,18,3,0.0,1,1,1,146264.78,0
11529,651,France,Female,21,10,0.0,2,0,0,34930.75,0
11530,712,Spain,Male,68,7,178627.74,2,0,1,68301.75,0
11531,745,Spain,Female,61,8,68486.56,2,0,1,104772.44,0
11532,567,Spain,Male,64,8,0.0,2,1,1,56240.98,0
11533,490,France,Male,52,2,700.93,2,0,0,51049.37,0
11534,453,France,Male,40,4,5525.95,2,1,1,124854.71,0
11535,795,France,Female,44,5,0.0,1,1,0,147351.09,0
11536,559,France,Female,43,5,39892.54,4,1,1,119463.45,1
11537,822,France,Male,69,9,0.0,2,0,1,85696.34,0
11538,830,Spain,Male,25,7,47429.61,1,1,1,74739.02,0
11539,460,France,Male,60,5,85220.03,1,1,1,87852.44,1
11540,453,Germany,Female,33,5,146113.25,2,1,1,77483.36,0
11541,665,France,Male,58,3,0.0,3,1,1,82889.89,1
11542,520,Germany,Male,20,6,47524.24,1,0,0,42466.16,0
11543,809,Spain,Male,49,7,100654.09,1,0,0,137005.16,0
11544,841,France,Male,22,2,185242.82,2,1,1,116862.23,0
11545,705,France,Male,37,6,0.0,3,1,1,106931.95,0
11546,845,Spain,Female,31,2,64637.96,1,0,1,143239.87,0
11547,673,France,Male,49,7,0.0,1,1,1,53393.23,0
11548,482,Germany,Female,43,0,141724.08,2,1,1,25956.52,0
11549,725,Spain,Male,64,0,12489.87,1,1,1,126528.72,0
11550,642,Germany,Male,23,5,0.0,2,0,0,149786.29,0
11551,677,France,Male,53,9,33681.59,1,1,1,93088.38,0
11552,476,Spain,Female,57,8,145571.17,1,0,0,22939.27,1
11553,455,Spain,Female,68,3,36747.79,1,0,0,120363.19,1
11554,846,Spain,Female,22,5,0.0,1,1,0,24956.12,0
11555,441,France,Female,30,4,0.0,1,0,1,87901.89,0
11556,636,Spain,Male,49,0,184177.23,1,1,0,52466.88,0
11557,727,France,Female,33,5,68792.12,2,0,1,138528.62,0
11558,742,Spain,Female,18,8,0.0,1,1,1,75929.71,0
11559,400,France,Male,30,2,188975.13,3,1,1,136292.55,0
11560,378,Germany,Female,71,10,1225.73,1,1,1,55375.95,1
11561,811,France,Male,28,2,92827.04,2,1,1,67293.95,0
11562,645,Germany,Male,70,1,0.0,1,1,0,142861.09,1
11563,646,Germany,Male,25,3,0.0,1,1,0,42177.45,0
11564,563,Germany,Male,42,9,103681.51,2,1,1,93097.66,0
11565,616,Spain,Male,57,2,14988.8,2,0,0,67448.89,0
11566,756,France,Male,49,1,22055.35,2,1,1,119512.53,0
11567,606,Germany,Male,41,0,76701.8,2,1,1,32455.01,0
11568,651,France,Male,45,2,0.0,2,1,0,74024.02,0
11569,450,Spain,Female,31,9,138581.83,1,0,1,109355.9,0
11570,754,Spain,Female,62,5,0.0,2,0,1,69947.19,0
11571,695,Spain,Male,20,8,0.0,2,1,0,22901.78,0
11572,459,France,Male,53,10,8642.74,4,1,1,110190.16,1
11573,769,Spain,Male,44,4,194863.53,2,1,1,82931.77,0
11574,531,Germany,Female,37,2,3434.6,1,0,0,16526.67,0
11575,820,France,Male,64,4,0.0,1,0,1,97708.55,0
11576,662,Germany,Male,32,4,73735.48,2,1,0,139183.94,0
11577,350,France,Male,44,4,2018.08,2,1,1,29988.5,0
11578,668,France,Female,70,6,0.0,2,0,0,94740.62,1
11579,787,France,Male,62,4,196108.06,2,0,1,113370.3,0
11580,404,France,Male,58,6,0.0,1,1,1,24554.45,0
11581,720,Germany,Male,45,8,32187.4,1,1,1,18053.09,0
11582,773,France,Male,42,4,0.0,1,1,1,77666.44,0
11583,748,France,Female,59,1,0.0,2,1,0,121810.2,1
11584,498,France,Female,61,4,127460.97,2,1,1,36697.12,0
11585,780,Spain,Female,63,7,0.0,1,0,1,127946.03,0
11586,806,Spain,Female,50,3,0.0,2,1,1,103637.93,0
11587,658,France,Male,63,1,191801.42,1,1,0,59843.39,1
11588,486,France,Female,31,9,0.0,1,1,1,84636.48,0
11589,551,Germany,Female,25,2,169409.38,2,1,1,145352.62,0
11590,785,France,Male,65,8,0.0,1,1,1,44218.99,0
11591,662,France,Female,31,8,0.0,2,1,1,82437.28,0
11592,466,France,Male,18,7,0.0,2,1,0,99305.69,0
11593,503,Germany,Male,33,7,0.0,2,1,1,33631.97,0
11594,774,France,Female,35,7,173374.72,1,0,1,20875.48,0
11595,640,Spain,Female,24,7,190658.48,1,1,0,16817.09,0
11596,412,France,Female,32,7,0.0,2,1,1,58833.54,0
11597,593,Germany,Male,41,0,109787.74,2,0,1,24982.88,0
11598,374,France,Female,66,5,702.17,2,0,0,123508.94,1
11599,439,Germany,Male,68,8,8003.93,1,1,0,149638.14,1
11600,424,France,Male,72,7,0.0,1,1,0,23276.02,1
11601,643,France,Female,30,2,37201.69,2,0,0,73418.05,0
11602,735,Germany,Female,26,10,50951.76,2,1,0,18473.84,0
11603,740,France,Male,73,0,60986.93,1,1,0,33088.77,1
11604,559,Germany,Female,73,1,72013.1,1,1,0,58594.55,1
11605,824,Germany,Male,32,10,84107.54,2,0,1,68149.26,0
11606,767,Germany,Male,74,1,0.0,1,1,1,141870.7,1
11607,696,France,Male,52,6,8472.39,1,0,0,68437.97,1
11608,366,Germany,Female,41,5,134788.89,1,1,1,81997.48,0
11609,477,France,Male,50,10,107466.96,1,1,1,48153.75,0
11610,776,Germany,Female,33,1,0.0,2,1,0,15016.89,0
11611,792,Spain,Male,25,7,126887.99,1,1,0,136410.15,0
11612,713,Germany,Female,46,8,165535.88,1,0,0,26031.49,1
11613,600,France,Male,40,6,85538.58,1,1,0,145173.59,0
11614,528,Spain,Female,62,3,128223.89,1,1,0,32663.95,1
11615,531,France,Male,48,0,190714.44,2,1,1,96658.59,0
11616,501,Germany,Female,57,3,167924.9,1,1,1,149920.43,1
11617,374,France,Female,66,3,85200.16,2,0,1,33692.72,0
11618,804,Spain,Female,71,7,0.0,1,0,0,72232.32,1
11619,529,Germany,Male,72,3,35414.18,1,0,1,120357.2,1
11620,547,Spain,Female,31,3,112104.44,1,1,1,19345.67,0
11621,693,France,Male,70,1,196265.66,1,0,1,108120.67,0
11622,510,Spain,Female,47,9,0.0,2,0,0,25850.4,0
11623,526,France,Female,70,6,185527.66,1,1,1,46930.22,1
11624,634,France,Male,56,3,81466.98,2,0,1,36610.28,0
11625,412,France,Male,44,10,199768.97,1,0,1,137490.42,0
11626,840,France,Male,64,5,115844.01,1,1,1,39361.66,0
11627,499,France,Female,33,2,8453.8,1,0,0,20458.6,0
11628,503,Spain,Female,68,6,117350.96,2,1,1,94329.47,1
11629,505,France,Male,23,5,54914.54,1,1,0,61734.42,0
11630,719,France,Male,72,2,6496.26,1,0,1,69770.34,0
11631,818,Germany,Male,50,3,164170.66,1,1,0,31073.47,0
11632,398,France,Male,61,9,0.0,1,1,0,116011.66,1
11633,804,Spain,Male,35,4,159309.71,3,1,1,96209.74,0
11634,686,Germany,Female,33,8,0.0,2,1,1,64169.3,0
11635,433,Germany,Male,29,5,0.0,2,1,0,38162.62,0
11636,710,Spain,Female,37,3,0.0,2,0,1,95115.98,0
11637,526,Spain,Female,62,10,0.0,2,1,1,120110.63,0
11638,497,Germany,Male,57,10,120275.24,1,1,0,57173.63,1
11639,467,France,Female,46,6,121996.3,2,1,0,18491.15,0
11640,691,Germany,Male,47,1,112094.7,1,1,1,43936.44,0
11641,825,France,Male,43,3,182939.15,1,0,0,107123.71,0
11642,412,Germany,Male,39,4,134888.21,2,1,1,148528.01,0
11643,538,France,Male,50,3,80746.6,2,1,0,16805.79,0
11644,709,Spain,Male,70,3,172476.08,2,1,0,56330.73,1
11645,398,France,Male,56,10,0.0,2,0,1,23372.82,0
11646,676,Spain,Male,64,8,108847.35,1,1,0,57707.15,1
11647,606,France,Male,46,10,0.0,1,1,0,69798.44,0
11648,573,Germany,Male,39,1,125079.53,1,0,0,139316.38,0
11649,490,Germany,Male,62,5,163393.69,2,0,0,25875.71,1
11650,827,France,Male,30,7,0.0,3,0,0,119913.1,0
11651,564,Germany,Male,26,7,167874.17,1,1,1,68397.14,0
11652,784,Germany,Female,41,10,188897.58,1,1,1,124520.48,0
11653,728,Spain,Male,32,6,0.0,1,1,0,84309.3,0
11654,789,France,Female,53,9,0.0,2,0,0,20303.08,0
11655,560,France,Male,30,10,96798.15,2,1,0,142737.79,0
11656,667,France,Female,44,3,0.0,1,1,0,26169.1,0
11657,381,France,Male,61,6,0.0,4,1,1,95687.27,1
11658,507,Germany,Female,54,9,820.29,2,0,0,133485.15,1
11659,634,France,Female,24,5,68587.02,1,0,0,25768.92,0
11660,654,Germany,Male,25,10,193771.87,3,1,1,89775.61,0
11661,778,France,Female,54,5,138993.49,1,1,0,126279.13,0
11662,826,Spain,Male,58,1,80265.09,1,1,1,148153.84,0
11663,635,Germany,Male,31,7,0.0,1,0,1,112784.2,0
11664,493,Germany,Female,29,7,71217.93,2,1,0,52575.14,0
11665,773,France,Female,53,10,33967.89,2,0,1,109441.99,0
11666,368,France,Male,69,6,0.0,1,1,1,110278.51,1
11667,367,France,Male,57,10,181348.47,3,1,0,109495.41,1
11668,606,France,Female,34,8,199530.07,1,1,1,130325.16,0
11669,427,France,Female,57,7,32822.89,2,1,1,26796.31,0
11670,720,France,Female,70,8,0.0,2,1,1,29636.68,0
11671,524,France,Female,46,8,65946.22,1,1,1,101483.31,0
11672,847,Spain,Male,44,5,0.0,1,1,1,143773.95,0
11673,543,France,Female,18,1,40964.25,2,1,0,77888.22,0
11674,825,France,Male,69,6,60284.98,1,0,1,144675.96,0
11675,462,France,Male,51,2,0.0,2,1,0,141641.51,0
11676,463,Spain,Male,21,6,154852.11,2,0,0,136892.81,0
11677,571,Germany,Female,41,8,142515.59,2,0,1,137829.88,0
11678,515,Spain,Male,38,9,126990.3,1,1,1,136273.04,0
11679,784,Germany,Female,50,9,77443.57,1,1,0,125685.07,1
11680,668,France,Male,24,1,0.0,1,1,1,108822.16,0
11681,481,Spain,Male,18,5,193906.51,2,1,1,18295.1,0
11682,734,France,Female,58,5,0.0,1,1,0,32854.23,1
11683,613,France,Male,20,8,0.0,1,1,0,33121.33,0
11684,762,Spain,Male,61,8,105126.21,3,1,0,18177.94,1
11685,404,Germany,Male,68,4,18250.11,2,1,0,30754.74,1
11686,708,France,Female,32,4,87289.68,1,0,1,139165.77,0
11687,480,Spain,Male,48,8,116358.25,4,0,0,104613.58,1
11688,637,Spain,Male,71,7,104414.71,2,1,0,57129.86,1
11689,615,France,Male,33,6,66181.72,1,1,1,122103.6,0
11690,807,France,Male,27,7,108489.16,1,0,1,80929.88,0
11691,816,France,Male,71,5,0.0,2,1,0,34187.15,0
11692,715,France,Male,46,2,41203.48,2,1,0,134407.78,0
11693,511,France,Male,23,6,130966.27,1,1,0,60719.36,0
11694,729,France,Female,46,7,8679.34,1,1,1,109346.0,0
11695,830,France,Male,34,7,0.0,1,1,1,54230.21,0
11696,436,Spain,Male,70,0,0.0,2,1,1,82509.62,0
11697,404,Spain,Male,39,6,20987.84,1,1,0,125194.12,0
11698,825,Germany,Male,41,2,4469.36,1,1,1,36164.94,0
11699,637,France,Female,34,1,34302.6,2,1,0,146928.94,0
11700,527,Germany,Male,38,1,112969.83,2,1,0,24479.15,0
11701,740,Germany,Male,68,7,140668.19,2,0,0,87091.2,1
11702,698,Spain,Female,67,8,0.0,1,0,1,138663.45,0
11703,357,France,Male,28,2,133651.89,1,1,1,142668.67,0
11704,670,Germany,Male,73,2,36495.27,1,1,1,46334.71,1
11705,662,France,Male,24,5,0.0,3,1,1,34437.97,0
11706,596,France,Male,59,10,82391.94,2,1,0,112794.41,1
11707,672,Spain,Male,56,9,130759.9,1,0,0,20666.43,0
11708,821,Spain,Male,22,0,0.0,1,0,1,80507.26,0
11709,820,France,Female,61,5,187563.39,2,1,1,122507.96,0
11710,792,Germany,Female,65,2,0.0,2,0,1,90634.39,0
11711,604,Spain,Male,74,10,0.0,1,1,0,40381.79,1
11712,677,France,Male,38,3,13298.16,2,1,1,80750.98,0
11713,403,Germany,Male,35,8,0.0,2,1,0,139372.09,0
11714,598,France,Male,52,2,56365.14,2,1,1,98323.75,0
11715,588,Germany,Male,37,0,76406.97,2,1,0,112401.23,0
11716,578,Spain,Female,32,2,18327.64,2,1,1,60395.62,0
11717,416,France,Female,22,6,22454.55,2,1,0,40445.31,0
11718,400,Germany,Female,30,6,145348.11,3,1,1,49511.7,1
11719,446,Spain,Female,68,10,0.0,1,1,1,86978.98,1
11720,441,Germany,Male,29,4,122149.7,1,0,0,52829.72,0
11721,844,Germany,Male,72,0,143170.0,2,1,0,88165.25,1
11722,613,Germany,Male,38,10,152393.95,2,1,1,110551.91,0
11723,767,Spain,Male,54,7,52562.85,3,0,0,114143.44,1
11724,640,Germany,Female,23,9,9045.93,1,0,0,37232.47,0
11725,445,Spain,Male,24,7,0.0,2,0,1,116308.16,0
11726,437,France,Female,43,9,0.0,1,1,1,105812.9,0
11727,427,Germany,Male,59,9,0.0,2,1,0,16620.69,1
11728,637,France,Female,65,9,0.0,1,0,1,22947.74,1
11729,469,Spain,Female,25,1,0.0,1,1,1,102243.68,0
11730,651,Germany,Female,26,9,24899.78,1,1,1,66800.03,0
11731,840,Spain,Female,44,2,182975.68,2,1,1,34724.04,0
11732,749,Spain,Male,21,3,0.0,1,1,1,20993.54,0
11733,801,Germany,Female,38,0,107529.69,1,0,0,36518.78,1
11734,849,France,Female,48,3,118621.19,1,1,1,144264.39,0
11735,514,Germany,Female,38,4,108697.89,1,1,0,113221.36,1
11736,531,France,Female,57,2,19811.29,3,1,0,86240.23,1
11737,818,France,Female,42,10,63759.67,1,1,1,142107.97,0
11738,747,France,Female,56,9,10254.07,1,1,0,98579.91,1
11739,572,Spain,Female,32,1,79133.98,2,0,1,112962.1,0
11740,660,Spain,Female,70,5,37719.79,2,1,1,53158.0,0
11741,781,Germany,Male,52,7,112326.51,2,1,0,94512.55,0
11742,815,France,Male,66,6,0.0,2,0,0,34369.43,0
11743,356,France,Male,60,10,106423.97,3,0,1,69605.22,1
11744,679,France,Male,58,0,86847.34,1,1,1,19487.44,1
11745,612,France,Male,54,3,77466.68,4,1,1,44244.79,1
11746,510,Spain,Male,74,2,0.0,2,0,1,25107.26,0
11747,500,France,Male,59,5,43873.61,2,1,0,67350.14,0
11748,434,France,Male,64,8,0.0,2,1,0,128809.75,1
11749,496,France,Male,45,8,151496.46,2,1,1,66021.1,0
11750,461,France,Female,31,6,83840.0,1,0,0,127271.35,0
11751,730,France,Female,21,8,59460.12,1,1,1,103627.27,0
11752,752,France,Female,70,7,0.0,3,0,0,83786.48,1
11753,385,Spain,Female,37,4,0.0,2,1,1,46980.38,0
11754,634,Germany,Female,51,8,9186.01,1,1,1,139491.07,0
11755,537,Spain,Male,29,6,0.0,2,1,1,22317.11,0
11756,431,Germany,Female,50,4,37429.01,2,1,1,108003.26,0
11757,351,France,Female,41,7,100835.36,1,0,1,98867.39,0
11758,734,Spain,Male,37,6,169827.33,2,1,1,74540.61,0
11759,652,Germany,Male,22,8,0.0,2,0,1,47443.33,0
11760,546,France,Female,55,9,187032.4,1,1,1,73143.95,0
11761,753,Germany,Male,47,0,190981.58,3,0,1,132824.32,1
11762,360,France,Female,41,8,191780.92,1,1,1,127963.42,0
11763,583,France,Male,60,6,167512.55,1,1,0,142086.47,1
11764,735,France,Female,57,0,72765.01,1,1,0,56552.08,0
11765,544,Spain,Male,24,0,14536.78,2,0,0,67259.06,0
11766,820,Spain,Male,53,4,113763.75,1,1,0,17528.03,0
11767,468,Spain,Male,55,7,111736.29,1,0,0,142298.25,1
11768,745,France,Female,33,8,169995.15,2,1,0,59467.66,0
11769,369,France,Female,69,5,199198.21,1,1,1,69562.12,1
11770,610,France,Female,32,9,101631.46,2,1,1,137553.62,0
11771,642,France,Male,63,7,69040.81,2,1,0,86090.79,0
11772,771,Germany,Female,40,5,37180.34,4,0,0,91433.56,1
11773,605,France,Male,29,10,959.96,2,1,1,38791.43,0
11774,571,Germany,Male,46,5,101822.74,1,0,1,82319.1,0
11775,742,Germany,Male,61,3,0.0,1,1,1,138958.16,0
11776,575,France,Female,65,10,164987.7,2,1,1,90426.94,0
11777,402,Spain,Male,32,4,0.0,2,1,1,49440.71,0
11778,777,France,Male,46,1,183293.67,1,1,0,19209.42,0
11779,704,France,Female,62,2,125616.7,2,1,0,60400.74,1
11780,849,France,Female,60,2,0.0,1,1,1,92299.77,0
11781,691,Spain,Male,66,10,29660.35,3,1,0,20752.79,1
11782,713,France,Male,38,4,171067.23,3,1,1,97322.0,0
11783,629,Spain,Male,32,4,135028.77,4,1,1,85660.87,0
11784,430,Spain,Male,31,5,34046.61,2,0,1,120763.79,0
11785,551,France,Female,59,4,37952.71,3,1,0,18899.9,1
11786,507,Spain,Male,61,5,0.0,1,0,1,120414.39,0
11787,469,Germany,Female,33,7,6443.07,2,1,1,85318.4,0
11788,408,France,Female,32,1,92506.99,2,0,1,65021.46,0
11789,843,France,Male,59,3,62695.06,3,1,0,145326.7,1
11790,564,Spain,Female,21,5,133015.49,2,1,1,36616.14,0
11791,477,France,Male,44,4,0.0,1,0,1,88078.89,0
11792,573,Spain,Male,40,0,72075.62,2,1,1,58332.5,0
11793,558,France,Male,46,8,85380.42,2,1,1,86210.66,0
11794,719,France,Male,58,2,196383.56,1,0,1,89557.19,0
11795,464,France,Male,70,1,0.0,1,1,0,27075.51,1
11796,558,France,Male,69,8,179440.83,2,0,0,104253.24,1
11797,363,Spain,Female,26,6,87752.44,1,0,1,100655.0,0
11798,358,France,Female,70,4,46815.24,1,1,1,118878.08,1
11799,389,Germany,Female,74,5,0.0,1,1,0,27238.9,1
11800,799,Germany,Male,73,10,0.0,3,1,1,55129.9,1
11801,586,Spain,Female,69,3,21886.08,2,1,0,102764.93,1
11802,630,Germany,Female,60,0,54093.82,1,1,0,33458.66,1
11803,708,France,Female,60,3,9327.18,2,1,1,106475.76,0
11804,550,France,Female,24,8,86469.55,2,1,0,22968.61,0
11805,595,Spain,Female,70,0,165489.15,1,0,0,60215.76,1
11806,627,France,Male,59,9,4932.74,1,1,0,129306.0,0
11807,584,Spain,Female,21,2,135064.71,2,1,1,119529.32,0
11808,843,France,Male,22,4,186499.17,1,1,0,102042.7,0
11809,353,Spain,Female,22,6,47385.57,2,0,0,132511.89,0
11810,503,Germany,Male,28,8,0.0,1,1,0,110751.39,0
11811,791,Germany,Male,58,5,195020.38,1,0,0,85115.64,1
11812,378,Spain,Male,45,2,192455.61,4,1,0,147261.86,1
11813,458,Spain,Female,33,6,0.0,1,1,0,108805.57,0
11814,447,Spain,Male,58,3,20066.21,2,1,0,96184.57,1
11815,564,Spain,Male,71,2,29656.51,1,1,1,70197.53,1
11816,642,France,Female,47,6,140407.13,1,1,0,136825.69,1
11817,424,France,Female,21,10,145151.78,1,0,0,54920.73,0
11818,675,France,Male,19,10,134847.31,1,1,0,16244.65,0
11819,495,Germany,Male,63,6,0.0,1,1,0,41559.97,1
11820,477,France,Female,20,3,33955.39,1,1,1,29784.86,0
11821,690,Spain,Female,67,6,0.0,2,1,0,58064.16,1
11822,391,Spain,Female,38,10,0.0,2,0,0,126493.62,0
11823,705,Spain,Female,23,1,145766.83,1,1,0,102956.51,0
11824,390,Spain,Male,60,0,0.0,2,1,1,37812.38,1
11825,771,France,Female,70,1,67727.94,1,0,0,121490.93,1
11826,383,Spain,Female,35,3,58695.72,1,0,1,83069.68,0
11827,366,Germany,Male,61,7,0.0,2,1,0,84216.47,1
11828,514,France,Male,22,2,53149.28,1,1,0,63885.14,0
11829,502,France,Female,26,9,18966.09,1,1,1,131723.21,0
11830,835,Spain,Female,37,5,0.0,1,1,1,57974.19,0
11831,727,Germany,Male,45,5,7313.96,2,1,1,27708.87,0
11832,425,France,Female,43,8,0.0,2,1,0,55868.41,0
11833,436,Germany,Female,35,8,149354.09,1,1,1,111572.73,0
11834,466,Germany,Male,36,3,0.0,1,0,0,103773.55,0
11835,711,France,Female,20,8,133647.4,2,1,1,40382.32,0
11836,691,Germany,Female,26,5,0.0,2,0,1,30090.88,0
11837,818,Germany,Female,53,1,0.0,1,1,0,104216.88,0
11838,376,Germany,Male,48,9,191739.55,1,1,1,106310.87,1
11839,662,Spain,Male,66,10,4287.97,1,1,1,64430.2,0
11840,636,France,Male,34,5,0.0,2,0,0,128778.19,0
11841,483,France,Female,72,1,191757.33,2,0,1,147057.7,1
11842,568,France,Female,40,7,0.0,1,1,1,42762.11,0
11843,517,France,Female,51,3,33578.54,1,1,0,92904.28,1
11844,447,France,Female,58,4,0.0,3,1,1,15721.75,1
11845,617,Germany,Male,58,7,34490.37,2,1,0,111262.34,1
11846,586,Germany,Female,22,10,120261.67,2,1,1,70928.09,0
11847,658,Spain,Male,32,7,142437.6,1,0,1,41091.35,0
11848,804,Germany,Female,64,5,0.0,2,0,1,116549.96,0
11849,743,Germany,Male,20,3,107901.31,2,0,0,124437.59,0
11850,522,France,Female,36,0,0.0,1,1,1,30007.48,0
11851,750,France,Female,45,6,84267.96,4,0,0,20534.43,1
11852,759,Spain,Female,20,7,170803.11,2,0,0,60100.59,0
11853,818,Spain,Male,55,8,0.0,2,1,0,99508.71,0
11854,825,France,Male,21,1,12933.11,2,1,1,122111.64,0
11855,539,Spain,Female,41,0,124225.06,1,1,1,88718.44,0
11856,471,France,Female,48,3,47065.11,1,1,0,93401.08,0
11857,395,Spain,Male,62,4,0.0,1,0,1,122980.86,1
11858,413,Germany,Female,62,9,0.0,2,1,0,86393.86,1
11859,479,Spain,Male,28,0,175812.4,1,0,1,97505.86,0
11860,659,Germany,Female,54,4,80903.28,2,1,1,84689.34,0
11861,712,Germany,Female,18,5,58302.77,1,1,0,133861.86,0
11862,542,Germany,Female,26,2,46881.15,2,1,0,46794.74,0
11863,656,Germany,Female,34,6,106502.97,2,1,0,50639.13,0
11864,530,Germany,Female,71,5,22849.69,2,1,0,32274.8,1
11865,641,Spain,Male,18,3,109855.0,2,1,1,125628.01,0
11866,720,France,Male,20,2,0.0,4,0,0,70589.93,0
11867,631,France,Male,64,4,64769.93,1,1,1,61965.68,0
11868,378,Spain,Male,43,2,43986.86,1,0,1,147482.08,0
11869,498,France,Female,70,9,194243.76,1,1,1,140118.45,1
11870,616,France,Male,48,8,145448.46,2,1,0,146218.34,0
11871,645,Germany,Male,43,8,69930.68,1,0,1,34210.36,0
11872,360,Germany,Male,40,5,18569.02,2,1,1,135318.99,0
11873,513,Germany,Male,47,10,0.0,1,0,1,59375.8,0
11874,462,France,Male,27,5,42689.58,2,1,1,16708.66,0
11875,536,France,Female,25,3,107285.91,2,0,0,67825.28,0
11876,644,France,Female,61,3,0.0,2,1,0,83741.51,1
11877,581,France,Female,42,1,123158.51,2,1,1,29609.76,0
11878,576,France,Female,39,9,0.0,1,1,1,87586.48,0
11879,659,France,Male,32,3,0.0,1,1,1,125627.58,0
11880,447,Germany,Female,58,7,185453.13,2,0,0,65982.88,1
11881,404,Spain,Male,73,9,0.0,1,1,1,62607.05,1
11882,460,France,Male,74,1,102544.64,3,0,0,60739.41,1
11883,501,France,Female,27,8,0.0,3,1,0,139617.75,0
11884,595,Spain,Male,37,0,0.0,2,1,1,21582.34,0
11885,755,France,Female,58,1,37311.58,1,1,0,75085.28,1
11886,418,Germany,Male,64,1,127268.86,2,0,1,50720.93,0
11887,661,France,Female,40,10,100018.47,1,0,1,135663.95,0
11888,638,France,Male,70,5,20660.1,1,0,1,27967.06,1
11889,599,France,Male,70,6,39529.56,1,1,1,70544.77,1
11890,385,France,Female,18,2,0.0,1,0,1,69920.18,0
11891,588,Spain,Male,19,10,177517.8,1,1,0,134933.25,0
11892,497,Spain,Male,36,8,113278.14,1,0,1,44091.62,0
11893,816,Spain,Male,31,4,136307.0,3,0,1,102060.88,0
11894,576,France,Female,25,4,0.0,1,1,1,33144.83,0
11895,593,Spain,Female,55,10,114282.28,3,0,1,143786.72,1
11896,840,Spain,Male,29,3,89475.96,1,1,0,95057.02,0
11897,686,Germany,Female,43,8,0.0,1,1,0,99544.66,0
11898,795,France,Female,44,7,0.0,2,0,0,73559.41,0
11899,714,France,Female,46,3,0.0,2,1,1,61208.17,0
11900,840,Spain,Female,32,3,0.0,1,1,0,43711.32,0
11901,831,Spain,Male,63,1,65237.01,1,0,1,96538.35,0
11902,550,France,Female,70,8,192183.49,1,0,0,143865.84,1
11903,503,France,Male,18,2,36538.96,1,1,1,63571.78,0
11904,799,France,Male,60,3,62249.05,2,0,0,134226.18,0
11905,422,Germany,Female,45,6,101978.52,2,1,0,35084.8,1
11906,550,France,Female,74,9,172605.39,1,1,0,141377.01,1
11907,645,Germany,Male,20,7,83334.02,2,0,1,62315.65,0
11908,366,Spain,Male,68,7,148773.06,1,1,0,66263.17,1
11909,478,Germany,Female,35,3,0.0,2,1,1,77483.7,0
11910,566,Germany,Male,69,6,62003.27,2,1,0,111962.98,1
11911,410,France,Male,51,9,78550.04,3,1,1,112153.21,1
11912,776,Germany,Male,49,0,71311.24,1,1,0,79744.46,0
11913,453,France,Male,46,5,166571.16,2,0,1,85625.64,0
11914,391,Germany,Female,42,5,8869.37,1,1,0,19051.42,1
11915,374,Spain,Male,43,5,0.0,2,1,1,56080.05,0
11916,388,France,Female,56,1,0.0,1,1,0,61712.31,1
11917,640,Spain,Male,25,7,113088.7,1,1,1,90428.18,0
11918,480,Germany,Female,36,4,87257.87,2,1,1,90370.47,0
11919,847,France,Female,71,4,107989.65,1,1,0,110836.47,1
11920,578,Spain,Female,64,1,0.0,2,1,0,111798.68,1
11921,457,Spain,Female,59,3,86143.32,2,1,1,46753.45,0
11922,521,Germany,Female,39,8,100340.6,2,1,1,118975.27,0
11923,784,France,Male,46,8,180237.82,1,0,0,17646.48,0
11924,827,France,Female,50,5,0.0,1,1,1,111681.85,0
11925,451,France,Female,55,10,0.0,4,0,0,28778.25,1
11926,703,Spain,Male,62,8,128848.28,1,0,0,113502.51,1
11927,361,France,Male,63,3,4068.17,2,1,0,86160.94,1
11928,624,Germany,Female,52,10,144926.27,2,1,1,74029.36,0
11929,450,France,Female,60,0,7110.38,3,1,0,108239.96,1
11930,393,Spain,Male,20,1,199476.23,2,1,1,19910.06,0
11931,792,France,Male,36,0,174527.34,2,0,1,45168.49,0
11932,654,France,Female,27,7,0.0,1,1,0,98219.42,0
11933,794,France,Female,44,8,51482.25,1,0,1,129374.08,0
11934,366,France,Female,32,9,76288.22,1,0,1,66449.53,0
11935,679,Spain,Female,28,5,71233.39,2,1,0,49932.8,0
11936,406,Germany,Female,64,1,74467.56,2,1,0,85029.42,1
11937,660,Spain,Female,43,5,0.0,2,0,1,99012.56,0
11938,846,Germany,Female,41,8,0.0,2,1,1,71713.91,0
11939,652,Germany,Female,30,2,0.0,2,1,0,133355.94,0
11940,361,Spain,Female,49,8,169196.26,1,0,0,85664.23,1
11941,667,Germany,Male,54,1,0.0,1,0,0,19836.18,0
11942,429,Spain,Male,21,10,95296.64,1,1,0,45112.28,0
11943,565,France,Female,30,4,170545.99,2,0,0,75837.35,0
11944,688,Spain,Male,26,10,49429.01,1,1,1,109192.95,0
11945,613,France,Male,74,1,3513.09,2,1,1,44666.55,0
11946,828,Spain,Male,66,6,0.0,2,1,0,146794.75,0
11947,498,Spain,Female,51,10,91581.88,1,1,1,58005.36,0
11948,430,France,Male,73,9,113432.91,1,1,0,86884.83,1
11949,564,France,Male,54,8,179867.88,1,0,0,17560.46,0
11950,834,Germany,Male,65,6,0.0,1,1,1,134460.25,0
11951,723,Spain,Female,24,4,126890.63,2,1,0,121492.68,0
11952,813,France,Male,18,3,0.0,1,0,0,41386.83,0
11953,547,Spain,Male,29,3,0.0,2,1,1,140986.95,0
11954,549,Spain,Male,38,9,32143.12,2,0,0,57638.37,0
11955,374,Spain,Female,28,7,146640.96,1,0,1,108445.15,0
11956,815,Germany,Male,61,9,86273.09,2,1,0,125561.8,0
11957,438,Spain,Male,68,9,89193.05,2,1,0,115023.45,1
11958,617,France,Male,61,9,61721.54,2,1,1,138873.68,0
11959,492,Germany,Female,61,9,121471.28,1,0,1,131677.09,1
11960,408,Germany,Female,31,9,37033.01,1,1,0,149272.55,0
11961,759,France,Female,51,0,125383.26,1,0,1,39652.54,0
11962,838,France,Female,51,4,34759.77,1,1,1,56142.84,0
11963,714,France,Male,42,1,12765.21,2,1,1,100890.49,0
11964,375,Spain,Female,21,10,66071.54,2,1,0,113961.37,0
11965,396,Spain,Male,69,8,0.0,3,1,1,87171.68,1
11966,637,Spain,Female,72,6,177798.33,1,1,1,24980.33,1
11967,615,Germany,Male,43,9,10990.69,1,1,1,128615.36,0
11968,365,Germany,Male,33,7,0.0,2,1,1,144718.04,0
11969,548,France,Female,27,5,109743.92,1,1,0,69744.77,0
11970,750,France,Male,62,8,96213.44,1,1,1,45349.69,0
11971,756,France,Female,19,5,9170.4,2,1,1,17607.36,0
11972,631,France,Male,52,6,0.0,1,1,1,47035.37,0
11973,818,Spain,Male,36,6,0.0,2,0,1,109489.03,0
11974,435,Germany,Female,23,8,0.0,1,0,1,138064.57,0
11975,599,France,Female,36,10,73081.23,2,1,0,27624.26,0
11976,740,Spain,Female,70,7,94086.45,2,1,0,89689.99,1
11977,619,Germany,Male,69,0,0.0,1,1,1,108896.72,1
11978,684,France,Male,68,3,68974.76,3,1,1,52311.41,1
11979,466,France,Female,25,6,0.0,2,1,1,91936.1,0
11980,356,France,Female,31,10,176562.36,3,1,1,111558.54,0
11981,486,France,Male,27,7,36826.0,1,1,0,128092.1,0
11982,720,Germany,Female,20,6,168072.3,2,0,1,76087.48,0
11983,525,France,Female,55,2,24311.33,1,1,1,115960.72,0
11984,677,France,Female,46,3,42998.44,2,1,1,55740.7,0
11985,847,Spain,Female,32,6,0.0,2,1,1,43761.31,0
11986,664,Germany,Female,40,7,28162.37,1,1,0,40287.36,1
11987,564,France,Male,40,6,183460.63,3,0,0,63447.82,1
11988,826,France,Male,35,5,91887.75,1,0,0,19843.76,0
11989,431,France,Female,63,8,15533.17,1,1,0,53203.9,1
11990,572,France,Male,36,8,191945.37,2,0,0,103050.08,0
11991,827,France,Male,45,10,0.0,2,0,1,102469.07,0
11992,721,Spain,Male,43,6,150936.5,1,1,0,24929.76,0
11993,772,France,Male,27,7,0.0,1,1,1,53801.11,0
11994,832,France,Female,64,5,44025.88,3,1,0,91890.28,1
11995,751,Germany,Female,21,0,167273.86,2,0,0,58004.54,0
11996,792,France,Male,72,0,137998.24,1,1,1,71428.38,0
11997,839,France,Male,19,5,0.0,1,1,0,111229.45,0
11998,452,France,Female,20,1,0.0,4,1,1,16251.02,0
11999,622,Germany,Female,24,7,69299.01,2,1,0,52313.13,0
12000,363,France,Female,72,0,154879.71,3,1,0,34220.25,1
12001,508,Germany,Female,33,1,52491.26,1,1,1,32227.24,0
12002,501,Germany,Male,48,7,65718.43,2,1,0,144470.43,0
12003,832,France,Male,27,5,0.0,2,0,0,65835.64,0
12004,457,Germany,Female,36,9,0.0,1,0,0,86156.96,0
12005,537,France,Female,45,1,0.0,2,0,1,114065.95,0
12006,650,France,Female,34,1,0.0,2,0,0,21405.41,0
12007,447,Germany,Male,45,10,78266.57,1,0,0,47538.06,1
12008,480,Spain,Female,36,6,191985.62,2,1,1,127339.95,0
12009,642,Spain,Female,54,4,0.0,2,0,1,131368.73,0
12010,520,France,Male,40,4,0.0,2,1,0,65348.37,0
12011,773,France,Male,37,7,0.0,2,1,0,65606.32,0
12012,823,Germany,Male,30,6,0.0,1,0,0,117181.08,0
12013,532,France,Male,30,8,75634.36,1,1,1,54834.48,0
12014,820,France,Male,60,3,0.0,2,0,0,30807.7,0
12015,713,France,Male,28,9,182579.2,1,1,1,49767.29,0
12016,388,France,Female,65,3,150986.35,1,1,1,67291.54,1
12017,364,Germany,Male,32,1,45425.27,2,0,0,22047.64,0
12018,725,France,Male,34,2,0.0,1,1,1,79621.83,0
12019,846,Germany,Female,71,0,77516.33,2,1,0,114901.01,1
12020,353,France,Female,67,0,0.0,1,0,0,84355.59,1
12021,698,Spain,Female,45,6,166287.12,1,1,0,24705.87,0
12022,819,France,Male,36,4,37678.95,3,1,0,74420.2,0
12023,758,France,Female,21,2,0.0,2,0,1,110702.12,0
12024,746,France,Male,39,6,0.0,2,1,1,22843.05,0
12025,559,France,Female,39,1,0.0,2,0,0,23079.37,0
12026,510,Spain,Male,72,2,0.0,2,1,1,65031.19,0
12027,365,Germany,Female,54,0,0.0,2,0,0,41320.14,1
12028,842,Spain,Male,56,7,166568.62,2,1,0,141195.41,0
12029,775,France,Female,51,1,3846.34,3,1,0,93481.39,1
12030,457,France,Female,50,6,22440.27,1,0,1,53788.93,0
12031,731,France,Male,61,10,198113.04,3,1,1,110144.86,1
12032,799,Spain,Male,59,8,56078.84,1,0,1,65615.42,0
12033,660,Germany,Female,57,5,195108.64,2,1,1,32835.61,1
12034,576,Germany,Female,50,1,36506.31,1,0,0,47026.35,1
12035,519,France,Female,29,1,72218.89,2,1,0,101770.88,0
12036,383,Spain,Male,19,8,150573.89,2,1,1,22003.27,0
12037,763,France,Male,45,9,131555.68,4,1,1,51813.02,1
12038,600,Spain,Female,27,7,0.0,4,0,0,43122.05,1
12039,596,Spain,Male,39,8,0.0,3,1,1,42153.24,0
12040,618,Spain,Female,34,3,168688.09,1,1,0,107172.93,0
12041,490,Spain,Female,43,3,46989.71,4,1,0,126485.28,1
12042,623,France,Female,20,1,88494.19,1,1,1,111641.99,0
12043,765,Germany,Male,24,9,31090.46,2,1,1,102173.26,0
12044,445,France,Male,61,0,119188.32,1,1,0,138720.99,1
12045,576,Spain,Male,25,9,50108.88,2,1,0,22882.97,0
12046,728,France,Female,37,3,66768.41,3,0,1,37610.22,0
12047,388,Spain,Male,29,9,94250.14,3,1,1,70944.93,0
12048,651,Germany,Male,52,9,5354.12,2,1,1,65280.97,1
12049,849,Germany,Male,34,10,18387.59,2,0,1,71436.97,0
12050,378,Germany,Male,45,7,0.0,1,1,0,42871.41,0
12051,795,Spain,Female,58,1,0.0,2,1,1,35182.95,0
12052,846,Spain,Female,27,10,0.0,2,1,1,83741.09,0
12053,826,Spain,Male,39,7,0.0,1,0,0,140287.09,0
12054,667,Germany,Male,55,0,0.0,1,0,0,67915.88,0
12055,594,France,Female,74,0,0.0,1,1,0,20852.68,1
12056,585,Germany,Male,50,3,0.0,2,0,0,110332.59,0
12057,534,Germany,Female,39,6,0.0,1,1,1,54299.16,0
12058,621,Spain,Female,61,8,198301.54,1,1,1,48087.83,1
12059,789,France,Male,54,4,106239.76,1,0,1,58774.83,0
12060,585,France,Female,30,1,136555.9,2,1,0,112715.1,0
12061,588,Germany,Female,44,6,47462.83,2,1,1,125540.62,0
12062,726,France,Male,32,10,87519.55,2,0,0,94387.57,0
12063,615,Germany,Male,39,1,171219.07,2,1,0,58534.63,0
12064,763,France,Male,47,8,33484.59,1,0,1,56914.56,0
12065,758,France,Male,60,8,0.0,1,1,0,31781.63,1
12066,708,Germany,Female,57,2,89086.74,2,1,1,140995.64,0
12067,689,Spain,Female,54,7,142449.78,1,1,1,101148.82,0
12068,738,Spain,Female,51,10,75176.79,1,1,1,18641.57,0
12069,414,Spain,Male,61,3,0.0,2,1,0,104419.56,1
12070,827,France,Male,51,2,18891.41,1,0,1,75365.71,0
12071,526,Germany,Female,65,0,74160.84,2,1,1,146295.33,1
12072,352,France,Male,70,4,141790.82,1,1,1,125574.29,1
12073,778,Germany,Female,52,10,45197.35,2,1,1,38127.63,0
12074,491,Germany,Male,59,3,0.0,1,1,1,112215.0,1
12075,725,France,Female,36,0,32843.39,1,1,0,80551.41,0
12076,507,Spain,Female,25,9,11196.06,1,1,1,40251.1,0
12077,847,Spain,Male,56,7,24203.14,2,1,1,109329.89,0
12078,673,France,Male,50,7,0.0,3,1,1,88897.32,0
12079,495,Germany,Male,61,7,110350.18,1,1,1,19100.47,1
12080,795,France,Male,45,2,159269.16,2,1,0,102289.37,0
12081,642,France,Female,54,5,0.0,2,1,0,100723.26,0
12082,502,Spain,Female,65,6,118531.73,3,1,1,34451.5,1
12083,781,Spain,Female,42,8,98990.43,2,0,0,62113.34,0
12084,542,Spain,Female,53,4,189147.59,1,1,0,94096.36,0
12085,786,Germany,Male,34,8,0.0,2,0,0,33735.71,0
12086,843,Spain,Male,41,5,0.0,2,0,0,130117.66,0
12087,812,Spain,Male,38,9,0.0,1,1,1,18710.62,0
12088,422,France,Female,19,9,109933.93,1,1,1,28883.05,0
12089,748,France,Male,48,9,93398.29,3,1,0,30674.43,1
12090,654,France,Female,61,3,0.0,3,1,0,86294.46,1
12091,726,France,Female,50,0,0.0,2,1,0,98715.39,0
12092,693,Spain,Female,47,0,53966.69,4,0,0,69505.01,1
12093,801,France,Female,29,9,82269.25,2,1,0,53970.02,0
12094,489,France,Male,61,4,0.0,1,1,1,124257.85,0
12095,536,France,Male,29,2,25836.78,1,1,0,24218.61,0
12096,642,Germany,Female,68,4,171482.97,1,1,1,52839.4,1
12097,410,Germany,Male,74,4,111655.3,1,1,1,20280.6,1
12098,834,Spain,Male,66,0,172272.54,1,1,1,16875.17,0
12099,776,Germany,Female,69,7,166226.95,2,0,0,62706.28,1
12100,729,Germany,Male,41,4,56408.47,2,1,1,41301.19,0
12101,547,Spain,Female,41,4,109547.49,2,1,0,51229.39,0
12102,644,France,Female,28,8,16643.54,2,1,1,125827.87,0
12103,789,Germany,Male,30,7,0.0,3,1,0,37002.31,0
12104,668,Spain,Male,44,0,80852.54,2,1,1,120331.5,0
12105,651,Spain,Male,25,2,78735.24,2,1,0,106131.83,0
12106,693,Germany,Female,27,6,60551.07,1,1,1,59070.15,0
12107,360,Spain,Male,25,0,0.0,1,1,1,88785.08,0
12108,411,Spain,Female,37,0,50351.88,3,0,1,74998.81,1
12109,682,Germany,Male,25,4,74970.45,1,0,1,32333.37,0
12110,575,France,Male,26,8,159989.41,2,0,0,137470.02,0
12111,502,Spain,Male,24,5,166851.1,1,0,0,91898.43,0
12112,548,France,Male,31,9,60836.5,2,1,0,133832.41,0
12113,401,Spain,Male,45,1,93802.89,4,1,1,126216.58,1
12114,609,Germany,Female,19,10,174763.96,1,0,1,25769.75,0
12115,408,France,Male,74,8,10534.67,2,1,1,42981.54,1
12116,421,Spain,Male,60,5,177828.99,1,0,0,34610.25,1
12117,497,France,Male,25,4,43836.87,1,1,1,127155.24,0
12118,698,Spain,Female,30,4,135707.85,1,0,1,131430.29,0
12119,412,France,Female,38,2,0.0,2,0,1,86276.15,0
12120,659,Germany,Male,64,5,110588.15,1,0,1,29064.04,1
12121,722,France,Female,45,3,171872.04,2,1,0,33308.24,1
12122,592,Spain,Male,52,9,20314.43,1,1,0,124829.09,0
12123,842,France,Female,40,1,69405.61,1,0,0,140440.67,0
12124,715,Germany,Male,63,2,0.0,2,1,1,41929.22,0
12125,679,Germany,Male,32,8,162257.77,1,0,1,16503.57,0
12126,456,Germany,Female,19,10,0.0,1,1,0,59678.64,0
12127,575,Germany,Male,68,10,0.0,1,1,0,19117.42,1
12128,662,Germany,Female,29,8,79927.7,2,0,0,126776.61,0
12129,567,France,Male,74,5,37782.77,2,1,1,81354.15,0
12130,774,France,Female,69,9,151797.29,1,1,0,101651.21,1
12131,590,France,Female,53,9,18179.78,1,1,0,70550.46,0
12132,608,Germany,Male,20,8,102953.47,1,1,0,61643.52,0
12133,725,Germany,Female,22,3,0.0,1,1,0,44997.06,0
12134,611,France,Female,20,10,71283.57,2,1,1,119021.89,0
12135,354,Germany,Female,74,4,120215.36,2,1,1,108898.92,1
12136,610,Spain,Male,64,9,111223.11,2,1,0,63698.41,1
12137,403,Spain,Female,36,5,0.0,1,1,1,58350.68,0
12138,396,France,Male,19,8,85809.6,2,1,0,15167.79,0
12139,564,France,Male,61,4,0.0,2,1,1,23579.54,0
12140,526,Spain,Female,54,7,91176.52,2,1,0,99139.5,0
12141,358,Spain,Female,71,10,190650.97,2,1,0,84471.99,1
12142,448,France,Male,34,0,0.0,2,1,1,73698.43,0
12143,369,Spain,Male,31,4,29046.57,2,1,0,126712.8,0
12144,727,Germany,Male,45,9,0.0,1,0,0,83026.26,0
12145,590,Germany,Male,44,0,186704.86,2,1,1,66906.63,0
12146,410,Germany,Male,71,9,0.0,1,1,1,36769.61,1
12147,728,France,Female,27,5,107567.56,2,1,0,125792.88,0
12148,839,France,Male,20,6,0.0,2,0,1,92793.51,0
12149,768,Spain,Female,53,4,62937.79,2,0,1,27482.1,0
12150,527,France,Female,55,0,96381.51,1,1,1,102601.28,0
12151,687,France,Male,73,5,0.0,1,1,1,72384.55,0
12152,411,France,Male,42,9,0.0,1,1,1,124537.14,0
12153,494,France,Male,39,4,30749.01,2,1,0,139053.47,0
12154,565,France,Male,65,5,26645.35,2,1,0,96062.88,0
12155,352,France,Female,56,10,40852.95,2,1,0,113767.73,0
12156,509,France,Male,64,9,0.0,1,1,0,22639.76,1
12157,576,France,Female,47,6,59075.4,3,1,1,90634.49,1
12158,835,Spain,Male,38,6,0.0,4,1,0,116970.9,1
12159,618,Spain,Male,47,1,188834.87,1,1,0,82062.89,1
12160,469,Spain,Male,45,2,33942.68,2,1,0,95129.26,0
12161,730,France,Male,48,5,1911.64,2,0,0,136358.01,0
12162,844,France,Male,74,2,47426.32,2,0,1,41743.44,0
12163,438,Spain,Male,69,1,0.0,3,1,0,28263.28,1
12164,678,Spain,Female,43,3,0.0,1,1,1,108236.89,0
12165,417,Spain,Female,60,4,184077.97,2,1,0,126084.6,1
12166,747,France,Male,39,10,0.0,2,0,1,129816.18,0
12167,706,Germany,Male,38,9,91378.91,2,1,1,101622.01,0
12168,447,France,Male,18,8,82179.98,2,1,1,127483.81,0
12169,616,France,Male,54,2,111001.82,4,1,1,109589.67,1
12170,454,Spain,Male,30,2,0.0,2,1,1,26795.88,0
12171,789,Spain,Male,38,5,0.0,2,1,1,117875.87,0
12172,672,France,Male,63,4,187844.83,1,1,1,39213.56,1
12173,472,France,Male,26,5,37339.8,1,1,1,46942.26,0
12174,825,Germany,Male,34,6,39680.15,1,0,1,68277.83,0
12175,378,France,Male,64,10,94492.07,2,0,1,57466.55,0
12176,486,France,Female,38,2,98322.67,4,0,1,58422.98,1
12177,544,France,Male,48,4,0.0,1,1,0,37850.04,0
12178,758,Germany,Male,56,7,0.0,1,0,0,54672.59,1
12179,575,France,Female,71,3,0.0,2,0,1,17654.45,1
12180,681,Germany,Female,39,9,136746.14,2,0,0,78842.98,0
12181,519,Spain,Female,29,1,45683.69,3,0,1,118759.78,0
12182,358,Germany,Female,72,3,0.0,1,1,0,131403.39,1
12183,812,Germany,Male,23,1,111469.01,1,0,0,125757.86,0
12184,389,France,Female,70,2,177718.5,1,1,1,71221.79,1
12185,374,France,Female,33,3,65214.1,1,1,1,113607.57,0
12186,610,France,Male,43,3,26711.65,1,0,1,53865.25,0
12187,744,France,Female,22,9,97854.45,1,1,0,22500.93,0
12188,792,Spain,Female,26,8,149344.32,1,1,0,106256.16,0
12189,575,France,Male,63,9,21971.95,1,1,0,102587.48,1
12190,821,France,Male,57,5,84936.7,3,0,0,123219.97,1
12191,473,France,Male,31,8,3557.03,1,1,0,98174.34,0
12192,812,Germany,Male,61,3,6711.84,1,1,1,36180.37,1
12193,387,France,Male,59,8,96590.67,2,0,0,130176.92,1
12194,677,France,Female,47,10,0.0,2,0,1,99679.13,0
12195,600,France,Female,69,8,169021.46,2,1,0,124027.31,1
12196,738,Germany,Male,69,5,120430.86,2,1,0,119504.46,1
12197,525,Spain,Female,43,4,90786.59,2,1,0,55211.71,0
12198,439,France,Male,70,2,81587.07,2,1,1,25064.65,1
12199,751,France,Male,62,4,0.0,2,0,1,38828.1,0
12200,803,France,Female,46,2,8087.77,2,1,0,27536.42,0
12201,386,France,Female,36,4,0.0,2,1,1,47860.68,0
12202,665,Germany,Female,64,4,0.0,1,1,1,77036.86,1
12203,525,Germany,Female,25,1,0.0,2,1,1,137419.43,0
12204,810,France,Female,40,8,24076.59,2,1,1,132722.53,0
12205,633,Germany,Female,70,6,28715.49,3,1,0,112010.98,1
12206,802,France,Male,59,5,132205.41,1,1,1,18255.17,0
12207,810,Spain,Female,52,4,0.0,1,1,1,61087.54,0
12208,430,Germany,Female,48,3,0.0,3,1,1,107117.04,1
12209,463,France,Female,70,7,150365.28,1,1,1,32418.9,1
12210,389,Germany,Male,52,1,89937.93,3,1,0,123146.86,1
12211,650,France,Male,49,7,122571.07,3,1,0,138467.45,1
12212,573,France,Female,22,0,137656.93,2,1,1,62804.1,0
12213,667,France,Male,33,9,102547.29,2,0,1,110288.81,0
12214,698,France,Female,34,0,0.0,2,1,0,35007.56,0
12215,464,Spain,Male,49,2,0.0,2,1,0,108260.22,0
12216,535,Germany,Male,55,4,111494.91,2,1,1,17896.48,0
12217,672,Spain,Female,49,5,0.0,2,1,0,35354.15,0
12218,405,Germany,Male,69,3,122570.95,4,0,0,110834.0,1
12219,389,Germany,Male,37,6,0.0,2,1,0,111099.78,0
12220,703,France,Female,65,6,0.0,4,0,1,101556.97,1
12221,389,France,Female,73,1,103948.5,1,0,1,79444.14,1
12222,696,France,Male,19,1,136359.36,1,1,1,106112.59,0
12223,810,Spain,Female,37,1,89896.39,1,1,1,119463.11,0
12224,586,Germany,Female,64,1,0.0,1,1,0,145475.02,1
12225,638,France,Female,35,8,283.64,2,1,0,134966.54,0
12226,611,Spain,Male,18,4,0.0,1,0,1,122262.12,0
12227,565,Spain,Female,46,10,0.0,4,1,0,108792.26,1
12228,496,Spain,Male,46,7,0.0,1,1,1,92511.0,0
12229,685,France,Male,36,4,72295.67,1,0,1,31282.19,0
12230,517,France,Male,61,10,78826.65,1,1,0,37350.17,1
12231,441,France,Female,57,4,0.0,2,1,1,125737.74,0
12232,702,France,Male,23,0,14106.86,1,1,1,123447.24,0
12233,408,France,Female,61,5,154560.9,1,1,1,97951.96,1
12234,408,Spain,Female,56,3,0.0,2,1,0,74243.42,1
12235,653,France,Male,67,2,0.0,1,1,0,18514.41,1
12236,518,Germany,Male,71,5,137554.61,1,1,1,59168.89,1
12237,618,Spain,Male,63,1,94247.34,2,0,1,71786.35,0
12238,712,Spain,Female,25,7,0.0,1,1,0,80585.2,0
12239,394,France,Male,41,0,88758.97,1,0,1,140458.82,0
12240,694,Spain,Male,37,8,56981.72,1,1,1,29675.77,0
12241,530,Germany,Female,71,7,179203.1,1,1,1,85047.03,1
12242,519,France,Female,31,0,0.0,2,1,0,64669.51,0
12243,705,France,Male,22,9,32807.99,1,0,0,148663.25,0
12244,540,Germany,Male,58,8,5192.2,2,1,0,131351.64,1
12245,504,France,Female,57,1,17997.11,3,0,0,74236.09,1
12246,771,France,Female,51,2,0.0,1,1,1,149958.91,0
12247,537,France,Female,33,1,0.0,4,1,0,84398.54,1
12248,356,France,Female,62,7,111703.23,1,1,1,37560.9,1
12249,482,Spain,Male,24,1,74652.35,1,0,0,90043.08,0
12250,584,France,Male,33,9,177743.22,1,1,1,45537.78,0
12251,394,Germany,Male,24,1,90627.27,1,1,0,100902.23,0
12252,663,Germany,Male,44,0,63047.73,2,1,0,141554.42,0
12253,598,Spain,Female,31,6,0.0,1,1,0,121136.81,0
12254,848,Spain,Male,31,1,0.0,2,0,1,51877.1,0
12255,380,Germany,Male,61,9,168733.68,2,1,0,55075.91,1
12256,372,France,Female,50,4,102456.95,1,1,0,24353.91,1
12257,775,Germany,Male,50,4,157887.68,2,1,0,53592.16,0
12258,743,Germany,Male,61,2,35870.67,3,1,1,27504.35,1
12259,509,Spain,Male,37,2,114644.59,1,0,1,82425.58,0
12260,712,Spain,Female,70,2,196769.18,1,1,1,110626.86,1
12261,786,France,Female,64,5,58191.69,1,0,1,116409.46,0
12262,507,France,Male,53,3,158870.47,1,1,0,23036.45,1
12263,388,Germany,Male,24,2,98095.68,2,1,1,60894.05,0
12264,764,France,Female,49,1,7961.14,1,1,0,53903.19,1
12265,431,Germany,Female,65,2,0.0,2,1,0,29080.54,1
12266,705,France,Female,20,3,33713.83,2,0,1,63933.63,0
12267,607,France,Female,56,5,126294.71,2,0,1,55408.21,0
12268,555,France,Female,46,3,17132.84,1,0,0,100657.4,0
12269,426,France,Male,41,7,189373.48,1,0,0,134245.86,0
12270,826,Spain,Male,39,2,58344.78,1,1,1,76403.63,0
12271,361,France,Male,23,2,45292.94,1,0,1,115799.8,0
12272,644,Germany,Female,65,2,0.0,3,1,0,34711.4,1
12273,799,Spain,Female,41,7,189200.44,1,1,0,135820.46,0
12274,573,France,Male,57,3,142380.75,1,1,1,35600.29,0
12275,362,Spain,Male,40,0,0.0,1,1,1,40933.66,0
12276,395,Germany,Male,71,1,0.0,2,1,1,29372.61,1
12277,504,Spain,Female,55,9,0.0,2,0,0,56806.73,1
12278,462,France,Female,27,1,22004.25,2,1,1,89575.41,0
12279,582,Germany,Female,33,2,0.0,1,1,0,148379.21,0
12280,366,Germany,Female,28,5,0.0,1,1,1,122104.68,0
12281,709,France,Female,49,7,195429.07,2,0,0,66358.83,0
12282,572,France,Female,62,0,0.0,4,1,0,92739.22,1
12283,703,Spain,Female,23,8,0.0,2,0,0,99146.58,0
12284,537,France,Male,41,0,30268.25,2,1,1,126068.17,0
12285,797,Germany,Male,50,9,157066.34,1,1,1,114420.99,1
12286,693,France,Male,70,1,24410.75,1,1,1,91854.3,0
12287,714,Germany,Male,68,2,0.0,2,1,1,105339.71,1
12288,512,Spain,Female,29,6,0.0,1,1,1,115698.88,0
12289,845,France,Male,73,8,0.0,4,1,0,32974.45,1
12290,675,France,Female,44,2,157411.33,1,0,1,42061.49,0
12291,816,Spain,Male,55,7,62862.98,1,1,0,107958.88,0
12292,763,Germany,Male,35,8,0.0,2,1,0,129807.45,0
12293,804,Germany,Female,62,9,92907.69,1,0,1,70250.41,0
12294,423,France,Male,56,6,149622.05,1,1,0,147285.19,1
12295,582,France,Male,72,3,0.0,1,0,1,44169.68,0
12296,573,France,Male,30,3,0.0,2,0,0,71254.4,0
12297,831,Spain,Female,70,3,0.0,1,1,1,66100.61,0
12298,668,France,Male,57,5,0.0,1,1,1,140589.95,0
12299,761,France,Female,47,3,0.0,2,0,0,53526.1,0
12300,409,Spain,Female,70,4,161531.92,1,1,1,78556.76,1
12301,684,Germany,Female,66,8,37636.83,3,1,1,40276.57,1
12302,571,France,Female,58,6,0.0,1,0,0,85370.94,1
12303,386,France,Male,69,7,0.0,2,1,0,130749.56,1
12304,826,Spain,Male,30,4,0.0,1,1,0,56045.33,0
12305,627,Spain,Female,51,4,0.0,2,0,1,124456.93,0
12306,545,France,Male,53,10,157814.8,2,1,1,138027.06,0
12307,753,Germany,Male,47,6,0.0,3,0,1,24849.32,0
12308,701,Germany,Male,42,10,37192.64,1,1,0,117117.31,1
12309,833,France,Female,19,7,181905.11,1,1,0,49471.36,0
12310,591,France,Male,53,8,165574.08,2,0,0,38669.23,0
12311,673,Spain,Male,35,1,32728.37,1,1,0,96151.52,0
12312,568,Germany,Female,22,2,174234.07,1,1,1,110256.35,0
12313,541,France,Female,36,1,54449.51,3,1,1,68292.73,0
12314,366,Spain,Male,59,9,16173.95,1,1,0,20288.45,1
12315,361,Spain,Male,35,6,131364.46,4,0,1,137675.11,1
12316,755,France,Female,74,1,130760.93,1,1,0,113650.83,1
12317,750,Spain,Female,49,1,18986.4,2,1,1,51675.02,0
12318,743,Germany,Female,38,1,63770.36,2,1,0,82076.62,0
12319,723,France,Male,27,3,0.0,2,1,1,18752.03,0
12320,542,France,Male,54,0,135685.33,4,1,0,60803.18,1
12321,371,France,Female,66,1,146015.03,1,1,1,85542.26,1
12322,823,Germany,Female,39,2,42583.46,2,1,0,84825.19,0
12323,469,Germany,Male,30,6,0.0,2,1,0,43104.96,0
12324,559,France,Male,72,9,0.0,1,1,1,119860.89,1
12325,655,Germany,Female,34,0,49779.68,3,0,0,55346.39,1
12326,619,Spain,Male,26,5,46908.82,1,1,1,93355.35,0
12327,541,Spain,Male,41,2,38550.86,2,1,1,51655.5,0
12328,524,France,Male,61,2,0.0,1,1,1,72397.66,0
12329,634,France,Male,31,3,65620.7,2,1,1,43014.47,0
12330,553,France,Male,63,3,164069.0,2,0,0,100456.05,1
12331,513,Spain,Female,25,6,36789.48,1,1,1,72453.89,0
12332,600,France,Male,72,2,0.0,2,0,0,17175.84,1
12333,576,Germany,Male,54,7,2731.57,1,1,1,18802.27,0
12334,785,France,Male,36,7,96336.46,1,1,0,78603.13,0
12335,730,France,Male,45,10,0.0,1,1,1,39735.49,0
12336,809,Spain,Male,63,6,195544.7,1,1,0,93980.68,1
12337,356,Spain,Male,58,1,158118.43,1,1,0,70105.89,1
12338,378,France,Female,47,4,0.0,2,1,0,103346.68,0
12339,744,France,Male,24,5,0.0,1,1,0,143573.35,0
12340,382,Germany,Male,43,9,0.0,2,0,0,86379.38,0
12341,483,France,Male,57,3,151752.75,1,1,0,121296.11,1
12342,716,France,Male,63,9,38143.45,2,1,1,116660.53,0
12343,428,Germany,Female,71,4,113641.67,2,1,0,139441.8,1
12344,765,France,Male,63,8,0.0,1,1,1,43892.41,0
12345,784,France,Female,28,10,0.0,2,1,0,126689.14,0
12346,808,France,Male,31,6,0.0,2,0,0,137245.25,0
12347,407,France,Female,38,1,175864.68,2,0,1,68023.0,0
12348,820,France,Male,25,10,0.0,1,1,1,57365.19,0
12349,375,France,Female,20,0,81104.23,1,0,1,143524.85,0
12350,831,France,Male,45,1,113753.82,2,0,1,99730.43,0
12351,779,France,Male,46,2,158131.91,2,1,0,66391.33,0
12352,575,Germany,Female,40,10,0.0,1,1,1,121896.74,0
12353,634,France,Female,35,1,0.0,1,1,1,56103.98,0
12354,353,France,Male,52,10,2735.53,2,0,0,38815.02,0
12355,814,Germany,Male,30,2,0.0,2,1,1,88435.9,0
12356,448,Spain,Male,29,9,0.0,2,1,1,91438.63,0
12357,746,France,Female,64,10,52463.17,1,1,0,126475.78,1
12358,838,Germany,Male,67,10,44505.96,1,1,1,76698.69,0
12359,388,France,Male,22,8,141824.77,1,1,1,124969.18,0
12360,620,France,Female,56,3,0.0,1,1,1,57028.56,0
12361,724,Germany,Female,28,8,0.0,1,1,0,92674.71,0
12362,634,Spain,Female,28,10,0.0,2,1,1,43143.83,0
12363,506,France,Female,64,2,0.0,2,1,0,67035.2,1
12364,424,France,Female,59,0,50566.76,2,0,0,130767.86,1
12365,721,Spain,Male,64,10,125772.12,1,1,0,44158.41,0
12366,637,France,Male,48,4,0.0,1,1,1,124382.33,0
12367,479,Germany,Female,48,9,175297.12,1,1,1,53187.67,1
12368,524,France,Male,30,9,170427.91,1,1,1,19656.11,0
12369,811,Germany,Female,31,1,192976.6,2,1,1,29841.17,0
12370,433,Spain,Male,66,3,116276.98,1,1,0,115693.74,1
12371,371,Germany,Male,62,1,181731.11,1,0,0,50379.58,1
12372,808,Spain,Female,59,1,161702.65,1,1,1,103309.65,0
12373,376,Spain,Female,42,2,178933.52,1,1,1,109391.85,0
12374,544,France,Male,50,4,2325.32,2,1,1,61590.99,0
12375,686,France,Female,50,3,193180.6,1,1,0,79114.06,0
12376,731,France,Female,32,1,0.0,2,1,0,69508.56,0
12377,585,Germany,Male,33,10,159636.6,2,1,0,142892.11,0
12378,789,Germany,Male,61,9,0.0,1,1,0,58193.1,1
12379,441,France,Female,73,1,79188.22,1,1,0,39748.61,1
12380,826,France,Female,55,5,0.0,2,1,1,64355.03,0
12381,370,France,Male,23,6,58331.75,2,1,1,105384.62,0
12382,652,Spain,Female,61,9,0.0,1,1,1,109143.96,0
12383,813,France,Female,42,5,161152.77,1,0,0,139747.74,0
12384,706,Germany,Female,32,6,0.0,1,1,0,134036.86,0
12385,792,Germany,Female,21,0,0.0,1,1,1,53923.27,0
12386,433,France,Male,73,5,34882.11,1,1,1,76447.04,1
12387,611,France,Male,21,10,117807.79,1,1,1,115881.31,0
12388,496,France,Female,47,2,0.0,1,1,1,138732.53,0
12389,790,France,Female,51,0,51799.69,1,0,1,60517.28,0
12390,802,France,Female,44,7,97667.63,1,1,0,74999.59,0
12391,736,France,Male,48,3,130537.81,2,1,0,136429.57,0
12392,606,Germany,Male,73,9,24260.94,2,1,1,63395.32,1
12393,407,France,Male,49,7,0.0,3,1,0,79869.25,1
12394,729,France,Male,61,9,49434.95,1,0,0,137108.06,0
12395,771,Germany,Male,56,10,0.0,2,0,0,123302.83,0
12396,364,Germany,Female,69,3,79430.5,1,1,0,47863.17,1
12397,511,France,Male,26,3,0.0,2,1,1,58847.33,0
12398,794,Spain,Female,58,9,0.0,1,1,0,62649.43,1
12399,512,France,Male,25,3,98091.91,1,1,0,138219.69,0
12400,669,Germany,Female,31,5,14823.83,3,0,1,149856.05,0
12401,846,Spain,Male,50,8,6948.43,2,1,1,119490.58,0
12402,630,Spain,Male,40,4,93746.71,3,1,1,80384.05,0
12403,629,France,Male,38,9,79731.86,1,1,1,16373.47,0
12404,361,Germany,Male,72,7,27376.06,1,1,1,109160.89,1
12405,623,France,Female,29,7,137520.29,1,1,1,67563.76,0
12406,620,France,Male,74,3,198580.7,2,1,0,100453.17,1
12407,841,France,Female,19,10,79129.36,2,0,0,96903.69,0
12408,557,France,Female,30,9,124911.73,3,1,1,79912.33,0
12409,376,France,Female,21,8,192595.19,1,1,1,142492.3,0
12410,421,Germany,Male,37,8,166306.99,2,1,1,18124.76,0
12411,409,Germany,Female,67,4,0.0,1,1,1,111137.89,1
12412,779,France,Male,68,5,0.0,1,1,1,70328.38,0
12413,822,France,Male,65,4,0.0,2,1,0,111361.71,0
12414,494,France,Female,31,2,0.0,2,1,0,106154.65,0
12415,442,France,Female,47,10,0.0,1,0,0,16382.13,0
12416,658,France,Male,46,7,32232.74,1,0,0,53520.7,0
12417,357,Germany,Male,25,8,0.0,1,0,0,40527.36,0
12418,428,France,Male,29,3,0.0,1,1,0,37543.16,0
12419,376,France,Male,58,8,139797.02,1,0,1,113344.35,1
12420,523,France,Male,55,8,0.0,1,1,1,47339.43,0
12421,399,Germany,Female,43,6,106228.93,1,0,1,79089.58,0
12422,849,Spain,Female,67,7,29275.19,4,1,0,48343.51,1
12423,548,Germany,Female,19,2,27954.33,3,1,0,93331.57,0
12424,736,Germany,Male,72,4,116683.09,1,1,1,112277.46,1
12425,698,France,Female,57,2,197001.95,4,0,0,59695.09,1
12426,797,France,Female,73,6,0.0,2,0,1,96407.81,0
12427,777,Spain,Female,31,5,57146.29,1,1,0,126355.39,0
12428,530,France,Male,23,10,0.0,1,1,1,27720.28,0
12429,373,Spain,Male,59,2,14454.4,3,1,0,110940.53,1
12430,665,France,Male,57,8,175177.14,2,1,0,58624.57,0
12431,727,France,Female,48,0,104857.2,2,1,0,31557.74,0
12432,736,Spain,Female,34,9,81653.35,2,0,1,88663.32,0
12433,753,Spain,Female,42,2,61936.11,1,1,0,45545.41,0
12434,395,Germany,Male,49,10,0.0,1,1,1,125883.84,0
12435,364,France,Male,29,9,61160.52,1,0,0,20790.95,0
12436,502,Spain,Male,66,10,176960.62,1,1,0,28318.14,1
12437,571,France,Male,30,6,144759.05,1,1,1,85334.48,0
12438,555,France,Male,36,2,133944.6,1,1,1,94507.14,0
12439,804,France,Female,61,2,159749.83,1,0,1,113534.7,0
12440,622,France,Male,65,1,0.0,1,1,0,50000.2,0
12441,731,France,Female,42,8,123608.56,1,1,0,128637.66,0
12442,585,France,Male,48,10,92013.25,1,0,1,143674.22,0
12443,689,France,Male,54,3,0.0,1,0,0,82370.31,0
12444,577,France,Male,42,9,0.0,1,1,1,117671.73,0
12445,358,France,Female,33,5,128635.72,2,1,0,85854.53,0
12446,515,France,Male,74,1,176442.48,3,1,1,24378.05,1
12447,781,France,Female,55,8,80430.1,1,1,0,59025.05,0
12448,793,Spain,Male,60,6,13324.42,1,1,0,26810.7,0
12449,668,France,Female,66,9,0.0,2,1,1,148498.68,0
12450,563,France,Female,40,4,69194.5,2,1,1,45918.5,0
12451,466,France,Male,31,6,0.0,2,1,1,100846.56,0
12452,735,Spain,Female,23,3,190206.58,1,1,1,53386.59,0
12453,693,Germany,Male,42,9,97121.66,2,1,1,103188.24,0
12454,421,Germany,Female,40,6,93238.05,3,0,1,43404.23,1
12455,744,Spain,Male,60,1,0.0,2,1,1,121011.46,0
12456,413,France,Male,29,6,20699.5,1,1,1,29959.57,0
12457,554,Spain,Female,30,3,50701.24,2,1,1,135845.3,0
12458,558,Spain,Female,53,3,183795.87,2,1,1,128456.93,0
12459,421,France,Male,56,0,133988.52,2,1,1,106638.99,0
12460,626,France,Female,51,2,0.0,1,1,1,24100.97,0
12461,623,France,Male,23,4,40925.09,2,1,1,43156.82,0
12462,827,Germany,Male,55,4,136567.45,1,1,0,131013.82,1
12463,669,Spain,Female,67,1,152879.84,1,0,0,31466.55,1
12464,687,Spain,Male,69,3,167971.91,2,1,0,36050.83,1
12465,715,France,Male,57,0,0.0,1,1,0,88440.45,0
12466,844,France,Female,25,8,0.0,2,1,1,52013.95,0
12467,444,France,Male,25,0,110589.38,2,1,1,44980.22,0
12468,515,France,Female,57,5,139307.8,1,1,1,92734.81,0
12469,381,Germany,Male,50,6,0.0,2,1,1,65297.85,1
12470,360,Spain,Male,51,2,0.0,3,0,0,33975.59,1
12471,650,France,Male,61,0,0.0,1,1,1,87205.26,0
12472,566,Germany,Female,32,6,24575.12,2,0,1,67246.67,0
12473,638,France,Female,53,2,50976.39,1,1,0,114159.76,0
12474,451,Germany,Male,74,9,162725.58,1,0,1,28871.98,1
12475,774,France,Male,52,5,123719.39,1,1,1,98782.79,0
12476,741,France,Female,63,5,167629.83,1,0,0,73926.6,1
12477,616,France,Male,39,3,0.0,1,1,1,69818.35,0
12478,563,France,Female,40,10,0.0,4,1,1,46358.84,1
12479,528,France,Male,57,5,184369.1,2,0,0,19107.51,0
12480,437,Spain,Female,62,10,0.0,2,1,1,129438.04,0
12481,390,Germany,Male,72,9,171226.04,1,1,0,59065.36,1
12482,750,Germany,Female,68,3,0.0,2,1,0,106947.29,1
12483,425,France,Female,39,7,0.0,1,1,1,142924.3,0
12484,726,Spain,Male,22,8,27839.32,1,1,0,91273.69,0
12485,395,France,Male,48,1,116043.79,1,1,1,68614.83,0
12486,509,France,Female,30,6,177621.58,1,1,0,51216.93,0
12487,812,Spain,Female,45,8,0.0,1,1,0,141095.91,0
12488,429,Spain,Male,37,8,149313.33,2,1,1,107080.37,0
12489,659,France,Male,50,4,160934.32,2,1,0,104812.99,0
12490,435,France,Female,33,0,147298.84,1,1,0,72531.37,0
12491,441,Germany,Male,46,5,185065.95,1,0,1,129081.58,0
12492,497,France,Female,40,7,89366.85,1,1,1,111345.75,0
12493,510,France,Male,41,0,34625.09,4,1,1,53229.74,1
12494,551,Spain,Female,51,1,9562.21,2,1,1,95943.12,0
12495,773,France,Female,24,0,49291.97,2,0,1,73076.18,0
12496,765,France,Female,55,4,0.0,3,0,1,15889.67,1
12497,591,France,Male,54,1,111589.75,1,1,0,124029.16,0
12498,702,Germany,Female,21,9,0.0,4,1,0,31582.1,1
12499,351,Spain,Male,51,9,0.0,1,1,0,83843.86,1
12500,574,Spain,Female,59,3,7197.97,1,1,0,60390.54,1
12501,638,Germany,Male,39,0,0.0,2,0,1,61182.02,0
12502,582,Germany,Male,22,6,118289.99,1,1,1,79444.26,0
12503,810,France,Female,67,7,71617.06,2,1,1,149598.12,0
12504,763,France,Male,59,4,178845.61,1,1,0,70131.26,1
12505,766,Spain,Female,40,1,14039.32,2,1,0,39614.45,0
12506,426,Spain,Female,71,7,0.0,1,0,0,97836.86,1
12507,465,Spain,Female,32,0,0.0,1,0,1,46898.84,0
12508,503,Spain,Male,48,6,36692.85,3,1,0,29249.13,1
12509,755,France,Male,26,0,0.0,2,1,1,21773.51,0
12510,452,France,Female,60,5,0.0,4,1,0,18088.97,1
12511,543,France,Male,70,5,0.0,2,0,1,73207.23,1
12512,515,France,Male,42,4,172326.52,2,0,1,72607.98,0
12513,708,France,Male,42,1,0.0,2,1,1,40048.63,0
12514,439,Spain,Male,66,1,0.0,1,1,0,120842.57,0
12515,523,Spain,Female,38,8,18698.47,1,1,0,32451.53,0
12516,471,France,Male,26,4,0.0,1,0,0,138567.82,0
12517,847,France,Female,72,4,47745.76,2,1,1,94322.76,0
12518,492,France,Male,65,6,183526.64,1,1,0,18728.21,1
12519,831,France,Male,55,5,15621.94,3,1,0,145001.3,1
12520,455,Spain,Male,39,1,85483.02,2,1,1,56572.07,0
12521,724,Germany,Male,60,10,106479.74,2,1,1,75746.62,0
12522,777,Germany,Male,40,0,179738.61,1,1,1,53376.27,0
12523,654,Spain,Female,66,4,199539.24,1,0,1,113336.88,1
12524,709,Spain,Male,21,3,150677.62,3,1,1,80566.83,0
12525,808,France,Male,46,2,0.0,1,1,1,32870.35,0
12526,666,France,Male,32,1,0.0,1,1,1,29067.53,0
12527,800,France,Male,18,9,192640.53,1,1,0,112925.68,0
12528,472,Germany,Female,71,1,141454.15,1,1,1,47005.99,1
12529,739,France,Male,47,3,15952.69,1,1,1,33602.11,0
12530,358,France,Male,46,1,80384.04,2,1,0,82422.73,0
12531,611,Germany,Male,37,3,0.0,1,0,1,123373.31,0
12532,422,Germany,Female,50,2,70143.7,2,1,0,52635.67,1
12533,708,Germany,Male,58,8,54676.78,1,1,0,52318.27,1
12534,572,France,Female,61,6,115479.85,2,0,1,127573.97,0
12535,765,France,Male,53,10,0.0,2,1,1,34957.56,0
12536,390,France,Female,39,2,0.0,1,0,1,98258.22,0
12537,719,France,Female,30,7,153846.24,1,1,0,143926.82,0
12538,553,France,Female,24,8,0.0,1,0,1,128575.93,0
12539,613,France,Male,25,6,192790.69,2,1,0,23345.06,0
12540,677,Germany,Male,45,5,186142.24,2,1,0,58187.97,0
12541,527,France,Male,62,3,152446.51,3,1,0,34220.55,1
12542,697,Spain,Male,60,4,0.0,1,0,0,143147.49,1
12543,667,Spain,Male,26,7,0.0,1,0,0,148102.11,0
12544,433,France,Male,42,2,109047.14,1,1,1,46724.06,0
12545,667,Spain,Female,73,1,0.0,1,1,1,105409.37,0
12546,460,France,Male,33,2,179133.84,2,1,1,128620.28,0
12547,600,France,Male,27,6,157942.4,1,0,1,46546.84,0
12548,732,Spain,Male,28,7,39053.39,2,1,0,40336.89,0
12549,356,France,Female,48,0,119937.26,2,0,1,16513.49,0
12550,808,Germany,Male,29,6,0.0,2,1,1,70614.93,0
12551,433,France,Female,48,8,1841.13,1,1,0,136424.06,0
12552,557,Spain,Male,31,2,0.0,3,1,1,136902.25,0
12553,737,France,Male,68,2,22644.13,4,1,1,32245.32,1
12554,739,France,Male,61,7,168543.82,3,1,0,42587.58,1
12555,663,France,Male,49,3,51701.25,2,1,1,70086.39,0
12556,371,Spain,Female,67,7,0.0,2,1,1,120384.31,1
12557,759,Germany,Female,70,4,0.0,2,1,1,97599.95,1
12558,732,Germany,Male,34,2,75817.34,1,1,0,84369.72,0
12559,352,France,Female,52,3,0.0,2,1,1,94910.8,0
12560,476,Germany,Male,18,3,56769.23,2,0,1,27986.96,0
12561,646,Spain,Female,46,7,0.0,4,0,1,79484.59,1
12562,537,Spain,Female,68,5,20561.71,2,0,0,148928.54,1
12563,711,France,Male,21,6,0.0,1,0,0,26940.23,0
12564,363,Spain,Male,40,8,118651.89,2,0,1,85098.3,0
12565,808,Germany,Male,45,5,0.0,4,1,0,54912.65,1
12566,815,France,Female,33,2,72248.56,1,0,0,87888.3,0
12567,361,Germany,Male,29,2,172403.54,1,1,0,92465.53,0
12568,436,Spain,Female,70,10,84867.63,2,1,1,92958.84,1
12569,361,France,Female,38,2,183138.27,1,0,1,130048.19,1
12570,746,France,Male,62,9,99587.61,1,0,1,67615.9,0
12571,374,France,Male,34,1,79767.32,1,0,0,84707.81,0
12572,650,Spain,Female,57,0,150077.79,2,0,1,16475.33,0
12573,592,Germany,Male,30,10,0.0,1,1,0,121589.33,0
12574,471,France,Female,69,9,17895.68,1,1,1,50030.84,1
12575,496,Germany,Male,49,0,0.0,2,0,0,125234.93,0
12576,404,Germany,Male,54,3,97388.14,3,1,0,50861.22,1
12577,587,France,Male,67,2,158083.05,4,0,0,16456.45,1
12578,705,Germany,Female,32,4,183254.17,1,1,1,35902.23,0
12579,522,Germany,Male,29,8,0.0,3,1,1,148067.19,0
12580,741,Spain,Female,66,7,0.0,1,1,0,58173.17,0
12581,570,Germany,Male,74,8,100139.33,2,1,0,29691.23,1
12582,468,Germany,Female,32,4,0.0,2,0,0,31032.44,0
12583,658,Spain,Female,51,7,166216.88,1,1,1,56896.27,0
12584,532,France,Male,23,3,0.0,2,1,0,20082.08,0
12585,637,Germany,Female,34,4,50868.02,1,1,0,84050.96,0
12586,656,Spain,Male,65,2,154505.28,2,0,1,43855.02,0
12587,649,Spain,Male,66,4,0.0,1,1,1,85106.94,0
12588,431,France,Male,74,2,41748.51,2,1,0,34003.17,1
12589,803,Germany,Female,37,4,188853.23,1,1,1,73030.73,0
12590,751,France,Female,26,10,3860.88,1,0,1,95718.78,0
12591,560,Germany,Female,22,4,193077.74,4,1,1,23369.99,1
12592,499,France,Male,40,5,29852.38,2,0,0,68831.16,0
12593,386,France,Female,50,8,0.0,3,1,1,55840.72,1
12594,701,France,Male,55,0,0.0,1,1,1,47448.58,0
12595,661,France,Female,73,9,0.0,1,1,1,96612.17,1
12596,710,Spain,Male,31,5,43351.54,2,1,0,94453.17,0
12597,408,Germany,Female,34,0,117102.81,1,1,1,100144.47,0
12598,480,Germany,Female,74,5,69619.11,1,1,1,36449.16,1
12599,761,France,Female,36,1,131478.61,2,0,1,53570.75,0
12600,551,France,Female,50,7,3129.46,1,1,1,43306.64,0
12601,592,Germany,Male,18,10,12874.98,1,1,0,87967.99,0
12602,384,Germany,Female,30,2,0.0,1,0,0,77243.87,0
12603,794,France,Male,63,9,0.0,2,1,0,59589.65,0
12604,442,France,Female,44,5,162959.23,2,0,1,121112.0,0
12605,787,France,Female,23,5,0.0,1,1,1,27686.46,0
12606,796,Germany,Female,23,3,48962.15,2,1,1,146611.05,0
12607,556,Spain,Male,50,4,114873.94,1,1,1,30733.45,0
12608,702,France,Male,47,1,153673.0,3,1,0,119364.56,1
12609,740,France,Male,63,9,57765.89,3,0,0,64711.08,1
12610,681,Germany,Female,52,9,0.0,2,1,1,131810.4,0
12611,654,France,Male,40,7,0.0,1,0,1,25012.94,0
12612,699,France,Male,27,9,0.0,2,1,0,65587.43,0
12613,562,Spain,Female,68,6,5196.46,2,1,0,60284.86,1
12614,508,France,Female,36,9,30561.16,4,1,0,149076.2,1
12615,791,France,Male,68,5,0.0,4,0,0,148049.11,1
12616,794,Germany,Male,45,6,14723.65,2,1,0,40623.53,0
12617,373,Germany,Female,40,0,37939.27,1,1,1,100042.84,0
12618,753,Germany,Male,21,4,67570.78,3,1,0,87295.12,0
12619,642,Germany,Female,37,6,15574.01,2,0,0,35840.42,0
12620,353,Spain,Male,36,0,38339.85,2,1,1,37650.26,0
12621,569,Germany,Female,59,1,0.0,1,0,1,148548.98,1
12622,713,France,Male,44,8,0.0,1,1,0,76118.55,0
12623,731,Spain,Male,74,2,0.0,1,1,1,31983.17,0
12624,369,Germany,Female,51,5,0.0,1,0,0,43996.66,1
12625,793,France,Female,21,6,0.0,1,0,1,51226.99,0
12626,501,France,Male,73,8,117738.34,2,1,1,83973.83,1
12627,399,France,Female,55,4,0.0,1,1,1,60299.0,1
12628,526,France,Male,24,3,0.0,1,0,0,76426.59,0
12629,784,France,Female,65,10,98388.08,1,1,1,37477.44,1
12630,445,Germany,Female,24,1,164507.2,1,1,1,59108.37,0
12631,454,Germany,Male,67,2,81202.51,4,1,0,24492.74,1
12632,769,France,Female,69,4,196937.11,1,0,0,135110.89,1
12633,599,France,Male,43,10,0.0,1,0,1,41831.58,0
12634,466,France,Male,43,1,0.0,3,1,1,117181.52,0
12635,703,Germany,Female,71,3,102865.3,2,1,0,62189.49,1
12636,577,France,Female,36,0,0.0,1,1,1,79043.64,0
12637,415,France,Male,26,3,151090.76,2,1,0,54320.24,0
12638,684,France,Male,37,6,0.0,2,1,0,109019.57,0
12639,767,France,Male,59,2,192829.16,2,0,1,129013.77,0
12640,769,France,Female,62,9,64910.38,1,1,0,53646.47,1
12641,611,Germany,Male,67,7,159740.91,4,1,0,47699.38,1
12642,644,Spain,Male,33,5,42129.12,1,1,0,106994.44,0
12643,775,Spain,Male,71,5,109114.87,1,1,1,41345.66,0
12644,592,France,Male,34,0,0.0,1,1,0,101378.37,0
12645,720,Spain,Male,39,4,69479.47,1,1,1,27747.79,0
12646,535,Spain,Male,30,2,186271.67,3,0,0,98718.52,0
12647,595,France,Male,29,9,29218.14,2,1,1,84309.91,0
12648,474,Spain,Male,27,0,126480.18,1,1,0,30377.27,0
12649,617,France,Female,18,7,118590.85,1,1,1,102628.99,0
12650,480,Germany,Male,49,6,24147.67,1,1,1,75285.22,0
12651,586,France,Female,47,6,65195.81,3,1,0,44310.53,1
12652,367,Germany,Female,25,9,0.0,2,1,0,62706.86,0
12653,389,France,Female,38,9,0.0,2,1,0,81433.78,0
12654,370,Germany,Female,39,9,160124.73,2,1,0,27359.82,1
12655,748,Spain,Male,35,3,0.0,2,1,0,144277.28,0
12656,574,Germany,Male,19,10,42951.88,2,1,1,104850.89,0
12657,704,France,Male,65,5,37382.39,1,1,1,28842.22,0
12658,631,France,Male,61,8,0.0,2,1,0,126086.39,0
12659,357,Germany,Female,26,2,149553.06,2,1,0,58544.92,1
12660,449,France,Female,20,8,56320.12,2,0,0,95567.94,0
12661,589,France,Female,71,3,3975.98,4,1,0,52414.28,1
12662,827,Spain,Male,43,4,108244.13,2,1,1,114009.8,0
12663,436,Spain,Female,38,6,191320.11,2,0,1,112606.21,0
12664,647,France,Male,47,5,0.0,3,0,0,89525.87,0
12665,777,France,Male,45,9,0.0,1,0,0,47524.95,0
12666,363,France,Male,53,7,0.0,1,1,1,49250.01,0
12667,683,Germany,Female,43,7,138921.52,2,1,0,66686.48,0
12668,351,Spain,Male,51,7,143834.38,1,0,0,34576.64,1
12669,724,Germany,Female,25,2,0.0,2,1,1,60583.52,0
12670,642,Germany,Female,27,9,194921.84,2,0,1,107387.87,0
12671,674,France,Female,65,5,0.0,2,1,0,127164.11,0
12672,771,France,Male,72,6,179006.55,4,1,1,59898.61,1
12673,842,France,Female,60,8,139875.77,1,1,0,46534.68,0
12674,390,France,Female,67,9,0.0,2,1,1,127406.75,1
12675,667,Germany,Male,71,9,0.0,2,1,0,135245.04,1
12676,665,Spain,Male,31,3,60695.74,1,1,1,70352.91,0
12677,730,France,Male,57,4,0.0,1,0,1,18632.06,0
12678,460,France,Male,72,7,59341.26,2,1,0,108819.82,1
12679,363,Spain,Female,32,0,0.0,2,1,1,120844.49,0
12680,580,Spain,Female,34,5,0.0,2,1,1,17433.27,0
12681,822,France,Male,70,3,163396.68,2,1,0,95329.17,1
12682,433,Germany,Female,35,4,22100.27,1,0,1,94429.78,0
12683,479,Spain,Female,49,10,165889.33,1,1,1,66125.57,1
12684,580,France,Male,55,4,120545.96,1,1,1,116218.59,0
12685,675,Germany,Female,40,1,37381.91,4,0,0,72804.17,1
12686,494,France,Female,63,7,0.0,1,1,0,106364.75,1
12687,728,Germany,Female,40,1,56499.77,4,1,0,84810.84,1
12688,694,Germany,Male,52,3,0.0,4,1,0,48542.72,1
12689,377,Spain,Female,56,4,70305.61,4,0,1,96877.62,1
12690,415,Germany,Male,32,0,0.0,1,1,0,114482.65,0
12691,512,France,Female,70,5,0.0,3,1,0,146477.27,1
12692,578,Germany,Male,41,1,6306.93,1,0,0,66314.71,0
12693,610,Spain,Female,45,4,132499.37,1,1,0,23703.79,0
12694,798,Spain,Male,33,5,0.0,1,1,1,148376.11,0
12695,773,Germany,Male,33,10,129202.06,3,1,1,99213.9,0
12696,809,Germany,Female,57,7,71249.65,1,1,0,142770.81,1
12697,789,Germany,Male,56,8,134750.13,2,1,0,29016.66,1
12698,513,France,Female,23,5,0.0,1,0,0,61174.57,0
12699,650,Germany,Female,19,4,138110.53,1,1,0,33081.45,0
12700,756,Spain,Female,71,3,0.0,1,1,0,127793.87,1
12701,652,Germany,Male,30,1,131378.65,2,0,1,133846.27,0
12702,636,Spain,Female,61,1,55997.51,2,1,0,82677.08,1
12703,744,France,Female,64,6,0.0,3,1,1,40191.84,0
12704,359,France,Female,26,4,82966.13,2,1,1,32161.06,0
12705,544,Spain,Male,51,6,0.0,4,1,0,94402.15,1
12706,467,Germany,Male,34,10,93434.83,2,1,1,83360.8,0
12707,619,France,Male,44,0,140964.83,2,0,1,108796.53,0
12708,429,Spain,Male,46,0,61768.76,2,1,1,56202.98,0
12709,807,France,Male,54,4,0.0,1,1,1,69319.68,0
12710,442,Germany,Male,60,1,12110.45,2,1,0,17883.74,1
12711,615,France,Female,39,7,0.0,2,1,1,97369.31,0
12712,681,France,Female,68,2,113565.22,2,1,0,72124.38,1
12713,699,France,Female,41,0,69885.02,2,1,1,139168.23,0
12714,710,France,Male,24,1,141037.8,1,0,0,101641.15,0
12715,606,France,Male,51,9,107471.55,2,0,0,68823.76,0
12716,482,France,Female,65,9,93848.99,1,0,1,50584.54,0
12717,625,France,Female,29,6,0.0,2,1,0,137213.47,0
12718,613,Germany,Female,40,5,0.0,2,0,0,17195.79,0
12719,520,Germany,Female,32,7,0.0,4,1,0,59133.18,1
12720,809,France,Male,50,6,57791.56,1,0,1,142373.25,0
12721,350,Germany,Female,74,9,28148.67,1,1,1,103294.46,1
12722,662,France,Male,30,7,31326.84,1,1,1,86917.07,0
12723,413,Spain,Male,40,2,0.0,1,1,1,42477.19,0
12724,723,Spain,Female,55,5,174574.66,2,1,1,127505.59,0
12725,817,France,Male,49,6,0.0,2,0,0,42566.87,0
12726,633,France,Male,62,9,0.0,2,1,0,48514.23,0
12727,470,France,Male,67,10,0.0,2,0,1,40899.9,0
12728,456,France,Male,52,0,166497.89,1,1,0,36350.18,0
12729,770,Spain,Female,18,0,176116.49,1,1,0,143697.19,0
12730,524,France,Male,64,6,121366.29,1,1,0,96274.27,1
12731,834,France,Male,62,10,0.0,2,1,1,101108.01,0
12732,553,France,Male,22,2,3082.99,2,1,0,143833.94,0
12733,514,France,Male,74,2,21447.16,2,1,1,46127.63,0
12734,654,Spain,Male,30,4,18515.21,1,1,1,15798.87,0
12735,846,France,Female,71,10,0.0,1,1,1,95849.29,0
12736,469,Germany,Male,22,5,0.0,3,1,1,83559.06,0
12737,393,France,Female,49,1,99272.87,1,0,0,79482.8,1
12738,661,France,Female,68,2,0.0,2,1,1,23353.83,0
12739,505,Spain,Female,38,5,62140.7,1,1,1,76348.71,0
12740,716,France,Male,41,2,174081.03,1,0,1,53820.54,0
12741,556,Spain,Male,35,4,34086.64,2,1,1,52066.23,0
12742,739,Spain,Female,38,8,70492.56,1,1,0,45021.51,0
12743,457,France,Male,71,2,154834.3,2,1,1,59891.33,1
12744,600,France,Female,27,10,0.0,2,1,0,62672.97,0
12745,794,France,Female,41,5,134590.08,2,1,1,56684.73,0
12746,753,France,Female,57,10,0.0,2,0,1,147131.62,0
12747,719,France,Female,64,4,186453.57,2,0,1,140918.7,0
12748,683,France,Female,38,4,175259.33,1,1,1,92558.86,0
12749,479,France,Male,42,10,0.0,2,1,0,147442.4,0
12750,806,Spain,Female,69,5,117272.83,2,1,0,148811.73,1
12751,642,Spain,Female,74,5,15458.7,1,1,1,63051.86,1
12752,369,Spain,Male,40,0,51574.0,3,0,0,75100.32,1
12753,631,France,Female,39,10,0.0,2,1,0,144473.34,0
12754,634,France,Female,21,8,63037.46,2,0,1,97164.54,0
12755,350,Germany,Female,51,4,0.0,2,0,0,43745.43,1
12756,468,Spain,Female,73,0,69433.37,1,1,1,108066.39,1
12757,384,Germany,Male,23,7,112379.62,2,0,1,42775.73,0
12758,547,France,Female,45,6,86676.17,1,1,1,60813.3,0
12759,834,Spain,Female,48,6,0.0,1,0,1,45720.62,0
12760,594,Spain,Female,52,4,193914.41,2,0,0,48072.33,0
12761,408,France,Male,56,0,0.0,2,1,0,15628.5,0
12762,674,France,Male,59,8,125464.89,1,1,0,133895.69,1
12763,510,Spain,Female,40,10,84012.53,2,0,1,54958.72,0
12764,846,France,Male,23,8,12229.24,4,1,0,26660.54,0
12765,528,France,Male,33,7,97866.17,2,1,0,26743.3,0
12766,555,Germany,Female,19,4,162668.67,2,1,1,90062.47,0
12767,361,Germany,Male,41,2,0.0,2,0,0,149044.27,0
12768,839,France,Male,34,7,0.0,1,1,1,34578.03,0
12769,625,France,Male,62,0,0.0,1,1,1,28448.94,0
12770,530,France,Male,18,2,152880.02,2,0,1,74171.02,0
12771,591,Spain,Female,23,10,144799.08,1,0,1,91049.72,0
12772,565,France,Male,22,6,113003.55,2,1,0,54741.35,0
12773,600,Germany,Male,74,3,0.0,2,0,1,55840.48,1
12774,648,France,Female,62,6,0.0,2,1,1,72304.33,0
12775,475,France,Female,72,10,153339.56,1,0,0,57409.66,1
12776,831,Spain,Female,67,4,162388.45,1,1,0,138569.76,1
12777,566,Germany,Male,46,5,162652.46,1,1,1,20663.87,0
12778,655,France,Male,29,6,0.0,2,0,0,46666.97,0
12779,634,France,Female,56,9,91602.92,1,1,1,124154.63,0
12780,534,Germany,Male,64,6,0.0,2,1,0,127584.35,1
12781,388,France,Female,20,6,185201.48,1,0,0,30059.94,0
12782,572,Germany,Male,65,6,0.0,2,1,1,146458.07,1
12783,533,France,Male,18,10,0.0,1,1,0,108602.9,0
12784,844,Germany,Female,44,6,0.0,2,1,1,51800.06,0
12785,776,Spain,Female,65,2,0.0,1,0,0,76565.11,0
12786,527,France,Female,41,2,174673.89,1,1,0,55113.71,0
12787,756,Germany,Male,61,6,77759.02,3,1,1,35253.0,1
12788,777,France,Male,36,1,0.0,1,1,1,54309.04,0
12789,643,France,Female,25,1,16088.64,2,1,1,93312.41,0
12790,689,Spain,Female,72,2,0.0,3,0,1,126505.91,1
12791,500,France,Male,61,3,0.0,2,1,1,64076.43,0
12792,733,Spain,Male,64,5,97703.67,2,1,1,61966.71,0
12793,475,France,Male,19,7,140299.58,1,0,0,78180.09,0
12794,650,France,Female,47,9,0.0,1,0,1,102015.01,0
12795,657,France,Female,47,9,88301.35,1,0,0,116468.2,1
12796,685,France,Female,66,6,0.0,1,1,0,59117.93,1
12797,783,France,Male,56,3,0.0,1,1,0,94157.58,0
12798,583,Germany,Female,62,1,107886.87,1,1,0,67563.71,1
12799,729,Germany,Male,49,1,0.0,2,1,1,111713.98,0
12800,724,Germany,Male,18,3,1754.95,3,1,0,37231.11,0
12801,357,France,Female,55,5,344.96,1,1,0,49684.86,1
12802,847,France,Male,30,2,0.0,1,0,0,72518.16,0
12803,690,France,Male,28,5,20311.32,1,0,0,135071.0,0
12804,478,France,Male,27,4,140979.38,1,0,1,92398.98,0
12805,613,Spain,Male,65,4,40983.21,2,1,0,145328.48,1
12806,506,France,Female,43,1,0.0,1,1,0,28942.49,0
12807,701,France,Female,73,7,0.0,1,1,0,77123.68,1
12808,707,Germany,Female,72,4,0.0,2,1,0,71575.6,1
12809,354,France,Female,37,10,0.0,2,1,1,96027.83,0
12810,844,France,Female,34,1,54377.66,2,1,0,124615.22,0
12811,435,France,Male,34,6,101955.37,2,1,0,128595.48,0
12812,524,France,Male,21,8,35090.99,1,0,0,105476.27,0
12813,639,Germany,Female,22,8,161241.93,1,1,0,101607.41,1
12814,542,France,Male,40,0,177686.34,1,1,1,143118.99,0
12815,660,France,Female,63,6,0.0,1,0,0,66797.8,1
12816,468,France,Male,69,8,86673.39,3,0,1,127425.75,1
12817,567,France,Female,27,5,151734.78,2,1,1,139403.0,0
12818,776,France,Female,63,0,0.0,1,1,0,81357.8,0
12819,807,Germany,Male,45,1,8048.95,1,1,1,113428.85,0
12820,763,Germany,Male,50,3,150647.28,1,0,1,65897.68,0
12821,463,Germany,Female,60,3,85071.05,2,1,1,36448.67,1
12822,815,France,Male,43,1,199109.85,1,1,0,94178.02,0
12823,494,Germany,Male,72,7,19450.84,1,1,1,41523.67,1
12824,375,Spain,Female,67,1,171125.54,2,1,0,76775.88,1
12825,485,France,Male,65,2,0.0,1,1,0,132838.71,1
12826,652,Spain,Female,46,3,0.0,1,0,1,26612.46,0
12827,581,France,Male,44,8,163425.46,1,1,1,19107.85,0
12828,718,France,Male,35,9,183198.4,1,1,0,96874.51,0
12829,425,Spain,Female,57,0,59570.0,1,1,1,59693.28,1
12830,824,France,Male,27,7,189959.87,1,1,1,71421.59,0
12831,677,Spain,Male,59,4,0.0,2,1,0,69770.93,0
12832,694,France,Male,22,6,16393.76,2,1,0,26693.73,0
12833,651,Germany,Male,27,7,86323.1,2,1,0,15481.47,0
12834,801,Germany,Male,67,4,165664.59,2,1,1,136287.14,1
12835,638,Germany,Male,38,7,94684.23,1,0,1,44402.81,0
12836,350,France,Male,41,9,165857.34,2,1,0,72520.66,0
12837,496,France,Male,55,10,145937.36,1,1,1,146209.98,0
12838,636,France,Female,20,7,0.0,1,1,1,126612.95,0
12839,813,France,Female,57,8,189776.32,1,1,1,29570.67,0
12840,491,France,Male,48,1,0.0,1,1,0,83650.07,1
12841,402,Spain,Female,58,2,0.0,4,1,1,113560.67,1
12842,653,Spain,Female,54,0,60888.69,1,1,1,109283.03,0
12843,418,Germany,Female,19,3,100029.62,1,1,0,117713.65,0
12844,710,France,Female,19,4,84470.37,1,1,0,76756.38,0
12845,439,France,Male,56,10,34366.91,1,1,1,38749.6,1
12846,795,France,Female,66,0,71629.37,1,0,0,77757.78,1
12847,569,Germany,Male,59,7,38586.89,1,1,1,102464.78,1
12848,799,Germany,Male,61,1,0.0,1,1,0,97159.93,0
12849,847,Germany,Female,51,0,37411.37,2,0,0,24520.48,0
12850,541,Germany,Male,59,1,97803.48,1,1,0,23768.58,1
12851,803,Spain,Male,37,4,159586.27,1,1,0,145309.81,0
12852,412,France,Female,50,8,0.0,2,1,0,35493.74,0
12853,422,France,Female,21,8,178641.32,4,0,1,54752.43,1
12854,510,Spain,Female,62,1,0.0,1,1,0,118630.66,1
12855,518,France,Female,61,1,137868.02,1,1,1,70306.41,0
12856,438,France,Male,28,2,0.0,4,1,1,39497.76,0
12857,525,Germany,Male,59,6,0.0,1,1,0,78076.37,1
12858,618,Germany,Female,64,10,137867.76,2,1,0,91808.25,1
12859,422,Germany,Male,22,2,0.0,1,1,1,76123.49,0
12860,594,Germany,Female,42,0,171970.29,3,1,0,139057.72,1
12861,426,Spain,Male,66,5,0.0,4,0,0,53434.4,1
12862,508,France,Male,54,2,49045.99,2,1,1,104279.84,0
12863,838,France,Male,51,0,0.0,1,1,0,30159.79,0
12864,808,Spain,Female,26,3,2528.52,1,1,0,67958.54,0
12865,673,Spain,Male,23,0,43449.31,1,1,1,115034.09,0
12866,447,France,Male,35,0,0.0,2,1,1,45350.29,0
12867,730,Germany,Male,31,1,156045.38,3,1,0,94619.09,1
12868,451,France,Male,36,9,0.0,1,1,1,35714.0,0
12869,843,France,Male,31,7,162727.2,2,1,1,28864.73,0
12870,481,Spain,Male,57,1,896.34,1,1,1,85636.42,0
12871,451,France,Male,34,10,100246.55,1,0,0,106126.48,0
12872,368,France,Male,52,1,0.0,2,0,1,30304.55,0
12873,803,France,Male,46,10,0.0,1,1,0,138899.79,0
12874,831,Germany,Female,59,10,129958.15,1,1,1,45479.26,1
12875,431,France,Female,34,9,16822.02,1,1,0,31196.67,0
12876,746,Spain,Male,60,9,0.0,2,1,1,42364.35,0
12877,838,Spain,Male,25,7,95159.36,2,1,0,37892.28,0
12878,628,France,Male,18,5,130713.03,3,0,0,27241.08,0
12879,688,Germany,Female,62,10,0.0,2,1,1,122708.3,0
12880,714,France,Male,70,3,37044.67,2,1,0,81897.6,1
12881,680,Germany,Male,53,2,0.0,1,1,0,67450.12,0
12882,478,Spain,Female,24,0,47740.16,4,1,1,143334.77,0
12883,693,Germany,Male,63,10,45310.77,2,1,1,65086.13,0
12884,659,France,Female,22,2,79029.82,2,1,0,37541.32,0
12885,804,France,Male,41,8,0.0,2,1,0,51995.79,0
12886,438,France,Female,45,4,87606.36,2,1,1,47260.48,0
12887,562,France,Male,60,5,155194.78,1,1,1,82330.07,1
12888,492,Spain,Female,34,4,0.0,1,0,0,54353.19,0
12889,414,France,Female,54,0,25305.38,2,1,1,84668.26,0
12890,425,Spain,Male,37,9,9768.32,2,1,1,105354.61,0
12891,548,France,Male,20,0,175588.31,2,0,0,119935.34,0
12892,492,France,Male,54,3,15966.21,1,0,0,110871.3,1
12893,754,Germany,Female,43,2,0.0,1,1,0,42754.75,0
12894,752,France,Female,32,10,4426.66,2,1,1,30646.46,0
12895,665,Spain,Male,68,7,125667.27,2,0,0,88230.77,1
12896,442,Spain,Female,65,6,116474.11,2,1,0,41853.09,1
12897,822,Germany,Male,25,10,197380.73,1,1,1,26466.05,0
12898,766,France,Male,30,6,177386.48,3,1,0,86157.74,0
12899,654,Spain,Female,65,7,82168.64,2,1,1,59117.21,0
12900,573,Germany,Female,20,9,0.0,2,0,0,117080.12,0
12901,846,Spain,Male,18,6,59370.41,1,1,1,57415.87,0
12902,640,France,Female,26,9,0.0,1,1,0,147126.81,0
12903,777,Spain,Female,48,1,27616.73,2,1,0,117400.63,0
12904,451,Spain,Female,58,3,0.0,1,1,1,22788.58,0
12905,823,Spain,Female,71,10,0.0,2,1,1,83697.82,0
12906,616,France,Female,43,5,0.0,1,1,1,90953.77,0
12907,704,France,Male,34,2,61333.73,2,1,1,108865.87,0
12908,805,Germany,Female,73,2,192315.79,1,1,1,82202.57,1
12909,459,France,Male,51,5,115694.65,1,0,1,80264.89,0
12910,811,Spain,Female,26,0,197519.15,3,1,1,64671.71,0
12911,679,France,Male,73,0,74493.39,2,0,1,51647.29,1
12912,799,Spain,Female,68,4,91525.33,1,1,1,142737.03,1
12913,779,France,Male,30,0,0.0,1,1,1,57875.55,0
12914,614,France,Male,22,9,0.0,4,1,0,23561.88,0
12915,352,Germany,Male,58,7,28632.94,1,1,0,37583.44,1
12916,434,Germany,Female,30,1,189015.84,2,1,0,130732.35,0
12917,631,Spain,Female,18,5,0.0,1,1,1,94195.52,0
12918,677,France,Male,42,9,0.0,2,1,1,120135.37,0
12919,653,Spain,Female,64,9,30069.17,2,1,1,124185.51,0
12920,799,Spain,Female,21,4,84704.82,2,1,0,126136.92,0
12921,803,Spain,Female,53,9,37266.7,1,1,0,89332.85,0
12922,761,France,Male,69,3,0.0,2,1,1,38911.28,0
12923,466,Spain,Female,27,0,25819.27,1,1,1,35011.42,0
12924,570,Germany,Female,45,2,0.0,3,1,0,92487.9,1
12925,503,Germany,Female,74,3,54338.92,1,1,1,64479.44,1
12926,502,France,Female,23,1,0.0,2,0,0,90336.51,0
12927,361,Spain,Female,44,1,18862.53,1,1,0,82294.51,1
12928,482,Spain,Female,73,1,85625.61,2,1,1,96296.74,1
12929,831,France,Male,29,10,0.0,1,1,1,19335.09,0
12930,653,France,Male,69,0,0.0,1,1,1,19432.95,0
12931,642,France,Male,65,9,175285.85,1,1,0,112415.35,1
12932,812,France,Male,20,1,168639.83,1,1,0,41072.18,0
12933,649,France,Female,63,5,190411.68,1,1,0,103046.79,1
12934,577,Spain,Female,50,2,0.0,1,1,0,88787.75,0
12935,620,Spain,Female,27,9,0.0,2,1,1,147542.25,0
12936,392,Spain,Male,48,4,171316.89,1,0,0,127779.79,1
12937,781,Germany,Female,32,0,15128.94,2,0,0,70773.16,0
12938,692,France,Male,24,7,92566.13,1,0,0,98215.73,0
12939,675,France,Male,53,3,197851.25,2,1,1,30834.08,0
12940,651,Spain,Male,31,8,153920.03,1,0,1,67162.12,0
12941,847,France,Female,73,3,0.0,4,1,1,114074.85,1
12942,713,France,Male,65,1,155926.87,2,1,0,99060.66,1
12943,728,France,Female,31,2,0.0,1,1,0,80403.63,0
12944,776,France,Male,20,4,0.0,2,0,0,38831.43,0
12945,842,Germany,Female,66,9,0.0,1,1,0,123424.7,1
12946,370,France,Female,70,5,104635.6,2,1,0,51877.49,1
12947,756,France,Female,63,6,184847.54,1,1,0,125764.68,1
12948,456,France,Female,67,3,165007.78,1,1,1,97567.22,1
12949,685,Spain,Female,20,6,0.0,1,1,1,65318.74,0
12950,652,France,Female,39,9,0.0,2,1,0,20481.7,0
12951,466,Spain,Female,36,2,60915.99,1,1,1,46376.54,0
12952,473,France,Male,52,6,7125.96,2,0,0,135024.57,0
12953,748,France,Male,29,3,187131.03,2,1,1,125426.54,0
12954,630,Spain,Male,71,7,0.0,1,1,1,92605.2,1
12955,641,France,Female,22,8,0.0,2,1,1,77953.53,0
12956,552,France,Male,27,6,0.0,2,1,0,102364.26,0
12957,400,France,Female,58,7,165904.63,3,1,0,77943.5,1
12958,620,Germany,Female,50,7,167304.04,2,0,0,101981.15,0
12959,673,France,Male,30,1,162901.59,2,1,0,56499.55,0
12960,626,Spain,Male,52,8,129016.54,2,1,1,128197.12,0
12961,490,France,Female,68,5,73203.08,1,1,1,109758.92,1
12962,819,France,Male,49,10,60814.06,1,1,1,59546.71,0
12963,624,France,Female,28,3,0.0,1,0,1,127139.93,0
12964,639,Germany,Male,65,4,166721.51,1,1,1,80791.24,1
12965,683,France,Female,55,9,17486.54,1,0,0,38576.25,0
12966,730,France,Male,41,4,0.0,4,1,0,25491.18,1
12967,801,France,Female,52,6,100814.99,1,1,1,109446.78,0
12968,845,France,Female,36,8,0.0,2,1,0,131791.31,0
12969,722,France,Male,23,6,0.0,2,1,0,124004.67,0
12970,401,Spain,Male,57,8,6323.0,1,1,0,103512.89,0
12971,843,France,Male,71,3,0.0,1,1,1,34085.63,1
12972,376,France,Female,62,9,10410.48,2,0,1,27695.95,1
12973,506,Spain,Female,61,9,7630.72,2,1,0,61579.0,0
12974,588,France,Male,59,3,0.0,4,1,1,130412.97,1
12975,505,France,Male,52,5,12615.03,1,1,1,144834.4,0
12976,640,France,Female,21,7,157828.79,2,1,1,47583.72,0
12977,485,Spain,Female,50,8,105912.62,1,1,1,117882.92,0
12978,493,France,Female,30,0,5807.76,2,1,1,92472.34,0
12979,455,France,Male,73,0,8100.14,2,0,1,19293.99,0
12980,769,France,Female,53,7,0.0,1,1,0,88293.71,0
12981,507,Spain,Female,71,10,0.0,1,1,0,123801.95,1
12982,495,France,Female,60,6,87559.91,1,1,0,52276.58,1
12983,351,Spain,Female,36,8,110916.13,1,0,0,136143.82,0
12984,782,Germany,Female,60,10,0.0,2,1,0,46895.15,0
12985,426,Spain,Female,29,2,0.0,1,0,0,25323.87,0
12986,481,France,Male,28,9,44952.05,2,1,0,36591.81,0
12987,439,France,Female,23,4,0.0,1,0,0,127995.39,0
12988,694,France,Male,29,2,0.0,2,1,0,71336.3,0
12989,699,France,Male,44,4,146821.4,2,0,1,122587.65,0
12990,808,France,Male,58,9,124174.84,2,1,1,86716.46,0
12991,612,Germany,Female,42,0,193848.43,2,1,1,79875.48,0
12992,700,France,Male,59,10,0.0,1,0,0,123933.28,0
12993,457,France,Male,20,3,190218.14,2,0,0,72170.83,0
12994,423,Spain,Male,20,5,0.0,1,0,0,123274.42,0
12995,388,Spain,Male,37,1,0.0,1,1,0,28589.39,0
12996,746,France,Male,45,6,0.0,1,1,1,100901.96,0
12997,508,Germany,Female,40,7,76115.19,2,1,0,109849.25,0
12998,420,France,Female,65,0,153875.83,2,1,1,136378.15,1
12999,796,Spain,Male,20,3,141382.2,2,0,1,45283.73,0
13000,661,Germany,Female,59,10,8027.88,1,1,0,96569.68,1
